Planning_Area,Subzone,Subzone_Lat,Subzone_Long,Hospital_Polyclinic,Hospital_Polyclinic_Lat,Hospital_Polyclinic_Long,Duration (min),WalkTime (min),WalkDistance (m),Transfers,TransitTime (min),Heuristic Distance (km),Day Type,Period Name,Peak Hour,Time,Weekday,Weekend,Public Holiday
Boon Lay,Liu Fang,1.318252778,103.7082322,PIONEER POLYCLINIC,1.338732,103.700228,38.05,13.83,933.54,1,21.82,2.44485080280509,Weekday,Non-peak Morning,0,06:30:00,1,0,0
Boon Lay,Liu Fang,1.318252778,103.7082322,PIONEER POLYCLINIC,1.338732,103.700228,22.52,6.15,402.88,1,13.3,2.44485080280509,Weekday,Morning Peak,0,08:30:00,1,0,0
Boon Lay,Liu Fang,1.318252778,103.7082322,PIONEER POLYCLINIC,1.338732,103.700228,22.02,6.15,402.88,1,13.3,2.44485080280509,Weekday,Non-peak Late Morning,0,10:45:00,1,0,0
Boon Lay,Liu Fang,1.318252778,103.7082322,PIONEER POLYCLINIC,1.338732,103.700228,22.02,6.15,402.88,1,13.3,2.44485080280509,Weekday,Lunch Peak,0,13:00:00,1,0,0
Boon Lay,Liu Fang,1.318252778,103.7082322,PIONEER POLYCLINIC,1.338732,103.700228,24.15,13.98,897.31,0,10.17,2.44485080280509,Weekday,Non-peak Afternoon,0,15:30:00,1,0,0
Boon Lay,Liu Fang,1.318252778,103.7082322,PIONEER POLYCLINIC,1.338732,103.700228,22.02,6.15,402.88,1,13.3,2.44485080280509,Weekday,Evening Peak,0,18:30:00,1,0,0
Boon Lay,Liu Fang,1.318252778,103.7082322,PIONEER POLYCLINIC,1.338732,103.700228,22.52,6.15,402.88,1,13.3,2.44485080280509,Weekday,Non-peak Evening,0,21:00:00,1,0,0
Boon Lay,Liu Fang,1.318252778,103.7082322,PIONEER POLYCLINIC,1.338732,103.700228,22.32,6.95,459.71,1,13.3,2.44485080280509,Weekday,Late Night Non-peak,0,23:30:00,1,0,0
Boon Lay,Liu Fang,1.318252778,103.7082322,PIONEER POLYCLINIC,1.338732,103.700228,38.05,13.83,933.54,1,21.82,2.44485080280509,Weekend,Non-peak Morning,0,06:30:00,0,1,0
Boon Lay,Liu Fang,1.318252778,103.7082322,PIONEER POLYCLINIC,1.338732,103.700228,22.52,6.15,402.88,1,13.3,2.44485080280509,Weekend,Morning Peak,0,08:30:00,0,1,0
Boon Lay,Liu Fang,1.318252778,103.7082322,PIONEER POLYCLINIC,1.338732,103.700228,22.02,6.15,402.88,1,13.3,2.44485080280509,Weekend,Non-peak Late Morning,0,10:45:00,0,1,0
Boon Lay,Liu Fang,1.318252778,103.7082322,PIONEER POLYCLINIC,1.338732,103.700228,22.02,6.15,402.88,1,13.3,2.44485080280509,Weekend,Lunch Peak,0,13:00:00,0,1,0
Boon Lay,Liu Fang,1.318252778,103.7082322,PIONEER POLYCLINIC,1.338732,103.700228,24.15,13.98,897.31,0,10.17,2.44485080280509,Weekend,Non-peak Afternoon,0,15:30:00,0,1,0
Boon Lay,Liu Fang,1.318252778,103.7082322,PIONEER POLYCLINIC,1.338732,103.700228,22.02,6.15,402.88,1,13.3,2.44485080280509,Weekend,Evening Peak,0,18:30:00,0,1,0
Boon Lay,Liu Fang,1.318252778,103.7082322,PIONEER POLYCLINIC,1.338732,103.700228,22.52,6.15,402.88,1,13.3,2.44485080280509,Weekend,Non-peak Evening,0,21:00:00,0,1,0
Boon Lay,Liu Fang,1.318252778,103.7082322,PIONEER POLYCLINIC,1.338732,103.700228,22.32,6.95,459.71,1,13.3,2.44485080280509,Weekend,Late Night Non-peak,0,23:30:00,0,1,0
Boon Lay,Liu Fang,1.318252778,103.7082322,PIONEER POLYCLINIC,1.338732,103.700228,38.05,13.83,933.54,1,21.82,2.44485080280509,Public Holiday,Non-peak Morning,0,06:30:00,0,0,1
Boon Lay,Liu Fang,1.318252778,103.7082322,PIONEER POLYCLINIC,1.338732,103.700228,22.52,6.15,402.88,1,13.3,2.44485080280509,Public Holiday,Morning Peak,0,08:30:00,0,0,1
Boon Lay,Liu Fang,1.318252778,103.7082322,PIONEER POLYCLINIC,1.338732,103.700228,22.02,6.15,402.88,1,13.3,2.44485080280509,Public Holiday,Non-peak Late Morning,0,10:45:00,0,0,1
Boon Lay,Liu Fang,1.318252778,103.7082322,PIONEER POLYCLINIC,1.338732,103.700228,22.02,6.15,402.88,1,13.3,2.44485080280509,Public Holiday,Lunch Peak,0,13:00:00,0,0,1
Boon Lay,Liu Fang,1.318252778,103.7082322,PIONEER POLYCLINIC,1.338732,103.700228,24.15,13.98,897.31,0,10.17,2.44485080280509,Public Holiday,Non-peak Afternoon,0,15:30:00,0,0,1
Boon Lay,Liu Fang,1.318252778,103.7082322,PIONEER POLYCLINIC,1.338732,103.700228,22.02,6.15,402.88,1,13.3,2.44485080280509,Public Holiday,Evening Peak,0,18:30:00,0,0,1
Boon Lay,Liu Fang,1.318252778,103.7082322,PIONEER POLYCLINIC,1.338732,103.700228,22.52,6.15,402.88,1,13.3,2.44485080280509,Public Holiday,Non-peak Evening,0,21:00:00,0,0,1
Boon Lay,Liu Fang,1.318252778,103.7082322,PIONEER POLYCLINIC,1.338732,103.700228,22.32,6.95,459.71,1,13.3,2.44485080280509,Public Holiday,Late Night Non-peak,0,23:30:00,0,0,1
Boon Lay,Liu Fang,1.318252778,103.7082322,JURONG POLYCLINIC,1.350189,103.730642,49.37,6.98,432.82,2,36.95,4.33781246061777,Weekday,Non-peak Morning,0,06:30:00,1,0,0
Boon Lay,Liu Fang,1.318252778,103.7082322,JURONG POLYCLINIC,1.350189,103.730642,32.88,2.58,166.05,1,25.23,4.33781246061777,Weekday,Morning Peak,0,08:30:00,1,0,0
Boon Lay,Liu Fang,1.318252778,103.7082322,JURONG POLYCLINIC,1.350189,103.730642,30.38,2.58,166.05,1,25.23,4.33781246061777,Weekday,Non-peak Late Morning,0,10:45:00,1,0,0
Boon Lay,Liu Fang,1.318252778,103.7082322,JURONG POLYCLINIC,1.350189,103.730642,30.38,2.58,166.05,1,25.23,4.33781246061777,Weekday,Lunch Peak,0,13:00:00,1,0,0
Boon Lay,Liu Fang,1.318252778,103.7082322,JURONG POLYCLINIC,1.350189,103.730642,29.18,2.58,166.05,1,24.03,4.33781246061777,Weekday,Non-peak Afternoon,0,15:30:00,1,0,0
Boon Lay,Liu Fang,1.318252778,103.7082322,JURONG POLYCLINIC,1.350189,103.730642,29.68,2.58,166.05,1,24.03,4.33781246061777,Weekday,Evening Peak,0,18:30:00,1,0,0
Boon Lay,Liu Fang,1.318252778,103.7082322,JURONG POLYCLINIC,1.350189,103.730642,33.18,2.58,166.05,1,24.03,4.33781246061777,Weekday,Non-peak Evening,0,21:00:00,1,0,0
Boon Lay,Liu Fang,1.318252778,103.7082322,JURONG POLYCLINIC,1.350189,103.730642,36.72,8.73,566.9,2,20.53,4.33781246061777,Weekday,Late Night Non-peak,0,23:30:00,1,0,0
Boon Lay,Liu Fang,1.318252778,103.7082322,JURONG POLYCLINIC,1.350189,103.730642,49.37,6.98,432.82,2,36.95,4.33781246061777,Weekend,Non-peak Morning,0,06:30:00,0,1,0
Boon Lay,Liu Fang,1.318252778,103.7082322,JURONG POLYCLINIC,1.350189,103.730642,32.88,2.58,166.05,1,25.23,4.33781246061777,Weekend,Morning Peak,0,08:30:00,0,1,0
Boon Lay,Liu Fang,1.318252778,103.7082322,JURONG POLYCLINIC,1.350189,103.730642,30.38,2.58,166.05,1,25.23,4.33781246061777,Weekend,Non-peak Late Morning,0,10:45:00,0,1,0
Boon Lay,Liu Fang,1.318252778,103.7082322,JURONG POLYCLINIC,1.350189,103.730642,30.38,2.58,166.05,1,25.23,4.33781246061777,Weekend,Lunch Peak,0,13:00:00,0,1,0
Boon Lay,Liu Fang,1.318252778,103.7082322,JURONG POLYCLINIC,1.350189,103.730642,29.18,2.58,166.05,1,24.03,4.33781246061777,Weekend,Non-peak Afternoon,0,15:30:00,0,1,0
Boon Lay,Liu Fang,1.318252778,103.7082322,JURONG POLYCLINIC,1.350189,103.730642,29.68,2.58,166.05,1,24.03,4.33781246061777,Weekend,Evening Peak,0,18:30:00,0,1,0
Boon Lay,Liu Fang,1.318252778,103.7082322,JURONG POLYCLINIC,1.350189,103.730642,33.18,2.58,166.05,1,24.03,4.33781246061777,Weekend,Non-peak Evening,0,21:00:00,0,1,0
Boon Lay,Liu Fang,1.318252778,103.7082322,JURONG POLYCLINIC,1.350189,103.730642,36.72,8.73,566.9,2,20.53,4.33781246061777,Weekend,Late Night Non-peak,0,23:30:00,0,1,0
Boon Lay,Liu Fang,1.318252778,103.7082322,JURONG POLYCLINIC,1.350189,103.730642,49.37,6.98,432.82,2,36.95,4.33781246061777,Public Holiday,Non-peak Morning,0,06:30:00,0,0,1
Boon Lay,Liu Fang,1.318252778,103.7082322,JURONG POLYCLINIC,1.350189,103.730642,32.88,2.58,166.05,1,25.23,4.33781246061777,Public Holiday,Morning Peak,0,08:30:00,0,0,1
Boon Lay,Liu Fang,1.318252778,103.7082322,JURONG POLYCLINIC,1.350189,103.730642,30.38,2.58,166.05,1,25.23,4.33781246061777,Public Holiday,Non-peak Late Morning,0,10:45:00,0,0,1
Boon Lay,Liu Fang,1.318252778,103.7082322,JURONG POLYCLINIC,1.350189,103.730642,30.38,2.58,166.05,1,25.23,4.33781246061777,Public Holiday,Lunch Peak,0,13:00:00,0,0,1
Boon Lay,Liu Fang,1.318252778,103.7082322,JURONG POLYCLINIC,1.350189,103.730642,29.18,2.58,166.05,1,24.03,4.33781246061777,Public Holiday,Non-peak Afternoon,0,15:30:00,0,0,1
Boon Lay,Liu Fang,1.318252778,103.7082322,JURONG POLYCLINIC,1.350189,103.730642,29.68,2.58,166.05,1,24.03,4.33781246061777,Public Holiday,Evening Peak,0,18:30:00,0,0,1
Boon Lay,Liu Fang,1.318252778,103.7082322,JURONG POLYCLINIC,1.350189,103.730642,33.18,2.58,166.05,1,24.03,4.33781246061777,Public Holiday,Non-peak Evening,0,21:00:00,0,0,1
Boon Lay,Liu Fang,1.318252778,103.7082322,JURONG POLYCLINIC,1.350189,103.730642,36.72,8.73,566.9,2,20.53,4.33781246061777,Public Holiday,Late Night Non-peak,0,23:30:00,0,0,1
Boon Lay,Liu Fang,1.318252778,103.7082322,NG TENG FONG GENERAL HOSPITAL & JURONG COMMUNITY HOSPITAL,1.334271,103.744626,45.57,17.47,1176.94,1,25.87,4.42044594933943,Weekday,Non-peak Morning,0,06:30:00,1,0,0
Boon Lay,Liu Fang,1.318252778,103.7082322,NG TENG FONG GENERAL HOSPITAL & JURONG COMMUNITY HOSPITAL,1.334271,103.744626,32.15,9.78,646.28,1,17.35,4.42044594933943,Weekday,Morning Peak,0,08:30:00,1,0,0
Boon Lay,Liu Fang,1.318252778,103.7082322,NG TENG FONG GENERAL HOSPITAL & JURONG COMMUNITY HOSPITAL,1.334271,103.744626,31.12,9.78,646.28,1,17.35,4.42044594933943,Weekday,Non-peak Late Morning,0,10:45:00,1,0,0
Boon Lay,Liu Fang,1.318252778,103.7082322,NG TENG FONG GENERAL HOSPITAL & JURONG COMMUNITY HOSPITAL,1.334271,103.744626,30.02,9.78,646.28,1,17.35,4.42044594933943,Weekday,Lunch Peak,0,13:00:00,1,0,0
Boon Lay,Liu Fang,1.318252778,103.7082322,NG TENG FONG GENERAL HOSPITAL & JURONG COMMUNITY HOSPITAL,1.334271,103.744626,29.85,9.78,646.28,1,17.35,4.42044594933943,Weekday,Non-peak Afternoon,0,15:30:00,1,0,0
Boon Lay,Liu Fang,1.318252778,103.7082322,NG TENG FONG GENERAL HOSPITAL & JURONG COMMUNITY HOSPITAL,1.334271,103.744626,30.33,9.78,646.28,1,17.35,4.42044594933943,Weekday,Evening Peak,0,18:30:00,1,0,0
Boon Lay,Liu Fang,1.318252778,103.7082322,NG TENG FONG GENERAL HOSPITAL & JURONG COMMUNITY HOSPITAL,1.334271,103.744626,32.33,9.78,646.28,1,17.35,4.42044594933943,Weekday,Non-peak Evening,0,21:00:00,1,0,0
Boon Lay,Liu Fang,1.318252778,103.7082322,NG TENG FONG GENERAL HOSPITAL & JURONG COMMUNITY HOSPITAL,1.334271,103.744626,32.33,9.78,646.28,1,17.35,4.42044594933943,Weekday,Late Night Non-peak,0,23:30:00,1,0,0
Boon Lay,Liu Fang,1.318252778,103.7082322,NG TENG FONG GENERAL HOSPITAL & JURONG COMMUNITY HOSPITAL,1.334271,103.744626,45.57,17.47,1176.94,1,25.87,4.42044594933943,Weekend,Non-peak Morning,0,06:30:00,0,1,0
Boon Lay,Liu Fang,1.318252778,103.7082322,NG TENG FONG GENERAL HOSPITAL & JURONG COMMUNITY HOSPITAL,1.334271,103.744626,32.15,9.78,646.28,1,17.35,4.42044594933943,Weekend,Morning Peak,0,08:30:00,0,1,0
Boon Lay,Liu Fang,1.318252778,103.7082322,NG TENG FONG GENERAL HOSPITAL & JURONG COMMUNITY HOSPITAL,1.334271,103.744626,31.12,9.78,646.28,1,17.35,4.42044594933943,Weekend,Non-peak Late Morning,0,10:45:00,0,1,0
Boon Lay,Liu Fang,1.318252778,103.7082322,NG TENG FONG GENERAL HOSPITAL & JURONG COMMUNITY HOSPITAL,1.334271,103.744626,30.02,9.78,646.28,1,17.35,4.42044594933943,Weekend,Lunch Peak,0,13:00:00,0,1,0
Boon Lay,Liu Fang,1.318252778,103.7082322,NG TENG FONG GENERAL HOSPITAL & JURONG COMMUNITY HOSPITAL,1.334271,103.744626,29.85,9.78,646.28,1,17.35,4.42044594933943,Weekend,Non-peak Afternoon,0,15:30:00,0,1,0
Boon Lay,Liu Fang,1.318252778,103.7082322,NG TENG FONG GENERAL HOSPITAL & JURONG COMMUNITY HOSPITAL,1.334271,103.744626,30.33,9.78,646.28,1,17.35,4.42044594933943,Weekend,Evening Peak,0,18:30:00,0,1,0
Boon Lay,Liu Fang,1.318252778,103.7082322,NG TENG FONG GENERAL HOSPITAL & JURONG COMMUNITY HOSPITAL,1.334271,103.744626,32.33,9.78,646.28,1,17.35,4.42044594933943,Weekend,Non-peak Evening,0,21:00:00,0,1,0
Boon Lay,Liu Fang,1.318252778,103.7082322,NG TENG FONG GENERAL HOSPITAL & JURONG COMMUNITY HOSPITAL,1.334271,103.744626,32.33,9.78,646.28,1,17.35,4.42044594933943,Weekend,Late Night Non-peak,0,23:30:00,0,1,0
Boon Lay,Liu Fang,1.318252778,103.7082322,NG TENG FONG GENERAL HOSPITAL & JURONG COMMUNITY HOSPITAL,1.334271,103.744626,45.57,17.47,1176.94,1,25.87,4.42044594933943,Public Holiday,Non-peak Morning,0,06:30:00,0,0,1
Boon Lay,Liu Fang,1.318252778,103.7082322,NG TENG FONG GENERAL HOSPITAL & JURONG COMMUNITY HOSPITAL,1.334271,103.744626,32.15,9.78,646.28,1,17.35,4.42044594933943,Public Holiday,Morning Peak,0,08:30:00,0,0,1
Boon Lay,Liu Fang,1.318252778,103.7082322,NG TENG FONG GENERAL HOSPITAL & JURONG COMMUNITY HOSPITAL,1.334271,103.744626,31.12,9.78,646.28,1,17.35,4.42044594933943,Public Holiday,Non-peak Late Morning,0,10:45:00,0,0,1
Boon Lay,Liu Fang,1.318252778,103.7082322,NG TENG FONG GENERAL HOSPITAL & JURONG COMMUNITY HOSPITAL,1.334271,103.744626,30.02,9.78,646.28,1,17.35,4.42044594933943,Public Holiday,Lunch Peak,0,13:00:00,0,0,1
Boon Lay,Liu Fang,1.318252778,103.7082322,NG TENG FONG GENERAL HOSPITAL & JURONG COMMUNITY HOSPITAL,1.334271,103.744626,29.85,9.78,646.28,1,17.35,4.42044594933943,Public Holiday,Non-peak Afternoon,0,15:30:00,0,0,1
Boon Lay,Liu Fang,1.318252778,103.7082322,NG TENG FONG GENERAL HOSPITAL & JURONG COMMUNITY HOSPITAL,1.334271,103.744626,30.33,9.78,646.28,1,17.35,4.42044594933943,Public Holiday,Evening Peak,0,18:30:00,0,0,1
Boon Lay,Liu Fang,1.318252778,103.7082322,NG TENG FONG GENERAL HOSPITAL & JURONG COMMUNITY HOSPITAL,1.334271,103.744626,32.33,9.78,646.28,1,17.35,4.42044594933943,Public Holiday,Non-peak Evening,0,21:00:00,0,0,1
Boon Lay,Liu Fang,1.318252778,103.7082322,NG TENG FONG GENERAL HOSPITAL & JURONG COMMUNITY HOSPITAL,1.334271,103.744626,32.33,9.78,646.28,1,17.35,4.42044594933943,Public Holiday,Late Night Non-peak,0,23:30:00,0,0,1
Boon Lay,Liu Fang,1.318252778,103.7082322,BUKIT BATOK POLYCLINIC,1.352161,103.748974,61.23,8.93,567.13,2,43.87,5.89307983825079,Weekday,Non-peak Morning,0,06:30:00,1,0,0
Boon Lay,Liu Fang,1.318252778,103.7082322,BUKIT BATOK POLYCLINIC,1.352161,103.748974,38.55,4.53,300.36,1,31.95,5.89307983825079,Weekday,Morning Peak,0,08:30:00,1,0,0
Boon Lay,Liu Fang,1.318252778,103.7082322,BUKIT BATOK POLYCLINIC,1.352161,103.748974,44.25,4.53,300.36,1,37.15,5.89307983825079,Weekday,Non-peak Late Morning,0,10:45:00,1,0,0
Boon Lay,Liu Fang,1.318252778,103.7082322,BUKIT BATOK POLYCLINIC,1.352161,103.748974,44.25,4.53,300.36,1,37.15,5.89307983825079,Weekday,Lunch Peak,0,13:00:00,1,0,0
Boon Lay,Liu Fang,1.318252778,103.7082322,BUKIT BATOK POLYCLINIC,1.352161,103.748974,38.67,11.95,804.66,2,20.18,5.89307983825079,Weekday,Non-peak Afternoon,0,15:30:00,1,0,0
Boon Lay,Liu Fang,1.318252778,103.7082322,BUKIT BATOK POLYCLINIC,1.352161,103.748974,46.52,3.17,214.88,1,40.28,5.89307983825079,Weekday,Evening Peak,0,18:30:00,1,0,0
Boon Lay,Liu Fang,1.318252778,103.7082322,BUKIT BATOK POLYCLINIC,1.352161,103.748974,42.55,4.53,300.36,1,31.95,5.89307983825079,Weekday,Non-peak Evening,0,21:00:00,1,0,0
Boon Lay,Liu Fang,1.318252778,103.7082322,BUKIT BATOK POLYCLINIC,1.352161,103.748974,59.57,15.7,1039.95,2,31.45,5.89307983825079,Weekday,Late Night Non-peak,0,23:30:00,1,0,0
Boon Lay,Liu Fang,1.318252778,103.7082322,BUKIT BATOK POLYCLINIC,1.352161,103.748974,61.23,8.93,567.13,2,43.87,5.89307983825079,Weekend,Non-peak Morning,0,06:30:00,0,1,0
Boon Lay,Liu Fang,1.318252778,103.7082322,BUKIT BATOK POLYCLINIC,1.352161,103.748974,38.55,4.53,300.36,1,31.95,5.89307983825079,Weekend,Morning Peak,0,08:30:00,0,1,0
Boon Lay,Liu Fang,1.318252778,103.7082322,BUKIT BATOK POLYCLINIC,1.352161,103.748974,44.25,4.53,300.36,1,37.15,5.89307983825079,Weekend,Non-peak Late Morning,0,10:45:00,0,1,0
Boon Lay,Liu Fang,1.318252778,103.7082322,BUKIT BATOK POLYCLINIC,1.352161,103.748974,44.25,4.53,300.36,1,37.15,5.89307983825079,Weekend,Lunch Peak,0,13:00:00,0,1,0
Boon Lay,Liu Fang,1.318252778,103.7082322,BUKIT BATOK POLYCLINIC,1.352161,103.748974,38.67,11.95,804.66,2,20.18,5.89307983825079,Weekend,Non-peak Afternoon,0,15:30:00,0,1,0
Boon Lay,Liu Fang,1.318252778,103.7082322,BUKIT BATOK POLYCLINIC,1.352161,103.748974,46.52,3.17,214.88,1,40.28,5.89307983825079,Weekend,Evening Peak,0,18:30:00,0,1,0
Boon Lay,Liu Fang,1.318252778,103.7082322,BUKIT BATOK POLYCLINIC,1.352161,103.748974,42.55,4.53,300.36,1,31.95,5.89307983825079,Weekend,Non-peak Evening,0,21:00:00,0,1,0
Boon Lay,Liu Fang,1.318252778,103.7082322,BUKIT BATOK POLYCLINIC,1.352161,103.748974,59.57,15.7,1039.95,2,31.45,5.89307983825079,Weekend,Late Night Non-peak,0,23:30:00,0,1,0
Boon Lay,Liu Fang,1.318252778,103.7082322,BUKIT BATOK POLYCLINIC,1.352161,103.748974,61.23,8.93,567.13,2,43.87,5.89307983825079,Public Holiday,Non-peak Morning,0,06:30:00,0,0,1
Boon Lay,Liu Fang,1.318252778,103.7082322,BUKIT BATOK POLYCLINIC,1.352161,103.748974,38.55,4.53,300.36,1,31.95,5.89307983825079,Public Holiday,Morning Peak,0,08:30:00,0,0,1
Boon Lay,Liu Fang,1.318252778,103.7082322,BUKIT BATOK POLYCLINIC,1.352161,103.748974,44.25,4.53,300.36,1,37.15,5.89307983825079,Public Holiday,Non-peak Late Morning,0,10:45:00,0,0,1
Boon Lay,Liu Fang,1.318252778,103.7082322,BUKIT BATOK POLYCLINIC,1.352161,103.748974,44.25,4.53,300.36,1,37.15,5.89307983825079,Public Holiday,Lunch Peak,0,13:00:00,0,0,1
Boon Lay,Liu Fang,1.318252778,103.7082322,BUKIT BATOK POLYCLINIC,1.352161,103.748974,38.67,11.95,804.66,2,20.18,5.89307983825079,Public Holiday,Non-peak Afternoon,0,15:30:00,0,0,1
Boon Lay,Liu Fang,1.318252778,103.7082322,BUKIT BATOK POLYCLINIC,1.352161,103.748974,46.52,3.17,214.88,1,40.28,5.89307983825079,Public Holiday,Evening Peak,0,18:30:00,0,0,1
Boon Lay,Liu Fang,1.318252778,103.7082322,BUKIT BATOK POLYCLINIC,1.352161,103.748974,42.55,4.53,300.36,1,31.95,5.89307983825079,Public Holiday,Non-peak Evening,0,21:00:00,0,0,1
Boon Lay,Liu Fang,1.318252778,103.7082322,BUKIT BATOK POLYCLINIC,1.352161,103.748974,59.57,15.7,1039.95,2,31.45,5.89307983825079,Public Holiday,Late Night Non-peak,0,23:30:00,0,0,1
Boon Lay,Liu Fang,1.318252778,103.7082322,CLEMENTI POLYCLINIC,1.312991,103.765878,55.77,13.37,856.12,2,35.43,6.43488489267941,Weekday,Non-peak Morning,0,06:30:00,1,0,0
Boon Lay,Liu Fang,1.318252778,103.7082322,CLEMENTI POLYCLINIC,1.312991,103.765878,36.5,8.97,589.35,1,22.52,6.43488489267941,Weekday,Morning Peak,0,08:30:00,1,0,0
Boon Lay,Liu Fang,1.318252778,103.7082322,CLEMENTI POLYCLINIC,1.312991,103.765878,35.47,8.97,589.35,1,22.52,6.43488489267941,Weekday,Non-peak Late Morning,0,10:45:00,1,0,0
Boon Lay,Liu Fang,1.318252778,103.7082322,CLEMENTI POLYCLINIC,1.312991,103.765878,34.37,8.97,589.35,1,22.52,6.43488489267941,Weekday,Lunch Peak,0,13:00:00,1,0,0
Boon Lay,Liu Fang,1.318252778,103.7082322,CLEMENTI POLYCLINIC,1.312991,103.765878,34.2,8.97,589.35,1,22.52,6.43488489267941,Weekday,Non-peak Afternoon,0,15:30:00,1,0,0
Boon Lay,Liu Fang,1.318252778,103.7082322,CLEMENTI POLYCLINIC,1.312991,103.765878,34.68,8.97,589.35,1,22.52,6.43488489267941,Weekday,Evening Peak,0,18:30:00,1,0,0
Boon Lay,Liu Fang,1.318252778,103.7082322,CLEMENTI POLYCLINIC,1.312991,103.765878,36.68,8.97,589.35,1,22.52,6.43488489267941,Weekday,Non-peak Evening,0,21:00:00,1,0,0
Boon Lay,Liu Fang,1.318252778,103.7082322,CLEMENTI POLYCLINIC,1.312991,103.765878,36.68,8.97,589.35,1,22.52,6.43488489267941,Weekday,Late Night Non-peak,0,23:30:00,1,0,0
Boon Lay,Liu Fang,1.318252778,103.7082322,CLEMENTI POLYCLINIC,1.312991,103.765878,55.77,13.37,856.12,2,35.43,6.43488489267941,Weekend,Non-peak Morning,0,06:30:00,0,1,0
Boon Lay,Liu Fang,1.318252778,103.7082322,CLEMENTI POLYCLINIC,1.312991,103.765878,36.5,8.97,589.35,1,22.52,6.43488489267941,Weekend,Morning Peak,0,08:30:00,0,1,0
Boon Lay,Liu Fang,1.318252778,103.7082322,CLEMENTI POLYCLINIC,1.312991,103.765878,35.47,8.97,589.35,1,22.52,6.43488489267941,Weekend,Non-peak Late Morning,0,10:45:00,0,1,0
Boon Lay,Liu Fang,1.318252778,103.7082322,CLEMENTI POLYCLINIC,1.312991,103.765878,34.37,8.97,589.35,1,22.52,6.43488489267941,Weekend,Lunch Peak,0,13:00:00,0,1,0
Boon Lay,Liu Fang,1.318252778,103.7082322,CLEMENTI POLYCLINIC,1.312991,103.765878,34.2,8.97,589.35,1,22.52,6.43488489267941,Weekend,Non-peak Afternoon,0,15:30:00,0,1,0
Boon Lay,Liu Fang,1.318252778,103.7082322,CLEMENTI POLYCLINIC,1.312991,103.765878,34.68,8.97,589.35,1,22.52,6.43488489267941,Weekend,Evening Peak,0,18:30:00,0,1,0
Boon Lay,Liu Fang,1.318252778,103.7082322,CLEMENTI POLYCLINIC,1.312991,103.765878,36.68,8.97,589.35,1,22.52,6.43488489267941,Weekend,Non-peak Evening,0,21:00:00,0,1,0
Boon Lay,Liu Fang,1.318252778,103.7082322,CLEMENTI POLYCLINIC,1.312991,103.765878,36.68,8.97,589.35,1,22.52,6.43488489267941,Weekend,Late Night Non-peak,0,23:30:00,0,1,0
Boon Lay,Liu Fang,1.318252778,103.7082322,CLEMENTI POLYCLINIC,1.312991,103.765878,55.77,13.37,856.12,2,35.43,6.43488489267941,Public Holiday,Non-peak Morning,0,06:30:00,0,0,1
Boon Lay,Liu Fang,1.318252778,103.7082322,CLEMENTI POLYCLINIC,1.312991,103.765878,36.5,8.97,589.35,1,22.52,6.43488489267941,Public Holiday,Morning Peak,0,08:30:00,0,0,1
Boon Lay,Liu Fang,1.318252778,103.7082322,CLEMENTI POLYCLINIC,1.312991,103.765878,35.47,8.97,589.35,1,22.52,6.43488489267941,Public Holiday,Non-peak Late Morning,0,10:45:00,0,0,1
Boon Lay,Liu Fang,1.318252778,103.7082322,CLEMENTI POLYCLINIC,1.312991,103.765878,34.37,8.97,589.35,1,22.52,6.43488489267941,Public Holiday,Lunch Peak,0,13:00:00,0,0,1
Boon Lay,Liu Fang,1.318252778,103.7082322,CLEMENTI POLYCLINIC,1.312991,103.765878,34.2,8.97,589.35,1,22.52,6.43488489267941,Public Holiday,Non-peak Afternoon,0,15:30:00,0,0,1
Boon Lay,Liu Fang,1.318252778,103.7082322,CLEMENTI POLYCLINIC,1.312991,103.765878,34.68,8.97,589.35,1,22.52,6.43488489267941,Public Holiday,Evening Peak,0,18:30:00,0,0,1
Boon Lay,Liu Fang,1.318252778,103.7082322,CLEMENTI POLYCLINIC,1.312991,103.765878,36.68,8.97,589.35,1,22.52,6.43488489267941,Public Holiday,Non-peak Evening,0,21:00:00,0,0,1
Boon Lay,Liu Fang,1.318252778,103.7082322,CLEMENTI POLYCLINIC,1.312991,103.765878,36.68,8.97,589.35,1,22.52,6.43488489267941,Public Holiday,Late Night Non-peak,0,23:30:00,0,0,1
Boon Lay,Samulun,1.308060598,103.7022969,PIONEER POLYCLINIC,1.338732,103.700228,45.1,13.48,853.77,0,31.62,3.41825026375064,Weekday,Non-peak Morning,0,06:30:00,1,0,0
Boon Lay,Samulun,1.308060598,103.7022969,PIONEER POLYCLINIC,1.338732,103.700228,45.1,13.48,853.77,0,31.62,3.41825026375064,Weekday,Morning Peak,0,08:30:00,1,0,0
Boon Lay,Samulun,1.308060598,103.7022969,PIONEER POLYCLINIC,1.338732,103.700228,36.27,13.47,892.51,2,11.4,3.41825026375064,Weekday,Non-peak Late Morning,0,10:45:00,1,0,0
Boon Lay,Samulun,1.308060598,103.7022969,PIONEER POLYCLINIC,1.338732,103.700228,45.1,13.48,853.77,0,31.62,3.41825026375064,Weekday,Lunch Peak,0,13:00:00,1,0,0
Boon Lay,Samulun,1.308060598,103.7022969,PIONEER POLYCLINIC,1.338732,103.700228,45.1,13.48,853.77,0,31.62,3.41825026375064,Weekday,Non-peak Afternoon,0,15:30:00,1,0,0
Boon Lay,Samulun,1.308060598,103.7022969,PIONEER POLYCLINIC,1.338732,103.700228,45.1,13.48,853.77,0,31.62,3.41825026375064,Weekday,Evening Peak,0,18:30:00,1,0,0
Boon Lay,Samulun,1.308060598,103.7022969,PIONEER POLYCLINIC,1.338732,103.700228,45.1,13.48,853.77,0,31.62,3.41825026375064,Weekday,Non-peak Evening,0,21:00:00,1,0,0
Boon Lay,Samulun,1.308060598,103.7022969,PIONEER POLYCLINIC,1.338732,103.700228,35.1,10.08,646.25,1,22.13,3.41825026375064,Weekday,Late Night Non-peak,0,23:30:00,1,0,0
Boon Lay,Samulun,1.308060598,103.7022969,PIONEER POLYCLINIC,1.338732,103.700228,45.1,13.48,853.77,0,31.62,3.41825026375064,Weekend,Non-peak Morning,0,06:30:00,0,1,0
Boon Lay,Samulun,1.308060598,103.7022969,PIONEER POLYCLINIC,1.338732,103.700228,45.1,13.48,853.77,0,31.62,3.41825026375064,Weekend,Morning Peak,0,08:30:00,0,1,0
Boon Lay,Samulun,1.308060598,103.7022969,PIONEER POLYCLINIC,1.338732,103.700228,36.27,13.47,892.51,2,11.4,3.41825026375064,Weekend,Non-peak Late Morning,0,10:45:00,0,1,0
Boon Lay,Samulun,1.308060598,103.7022969,PIONEER POLYCLINIC,1.338732,103.700228,45.1,13.48,853.77,0,31.62,3.41825026375064,Weekend,Lunch Peak,0,13:00:00,0,1,0
Boon Lay,Samulun,1.308060598,103.7022969,PIONEER POLYCLINIC,1.338732,103.700228,45.1,13.48,853.77,0,31.62,3.41825026375064,Weekend,Non-peak Afternoon,0,15:30:00,0,1,0
Boon Lay,Samulun,1.308060598,103.7022969,PIONEER POLYCLINIC,1.338732,103.700228,45.1,13.48,853.77,0,31.62,3.41825026375064,Weekend,Evening Peak,0,18:30:00,0,1,0
Boon Lay,Samulun,1.308060598,103.7022969,PIONEER POLYCLINIC,1.338732,103.700228,45.1,13.48,853.77,0,31.62,3.41825026375064,Weekend,Non-peak Evening,0,21:00:00,0,1,0
Boon Lay,Samulun,1.308060598,103.7022969,PIONEER POLYCLINIC,1.338732,103.700228,35.1,10.08,646.25,1,22.13,3.41825026375064,Weekend,Late Night Non-peak,0,23:30:00,0,1,0
Boon Lay,Samulun,1.308060598,103.7022969,PIONEER POLYCLINIC,1.338732,103.700228,45.1,13.48,853.77,0,31.62,3.41825026375064,Public Holiday,Non-peak Morning,0,06:30:00,0,0,1
Boon Lay,Samulun,1.308060598,103.7022969,PIONEER POLYCLINIC,1.338732,103.700228,45.1,13.48,853.77,0,31.62,3.41825026375064,Public Holiday,Morning Peak,0,08:30:00,0,0,1
Boon Lay,Samulun,1.308060598,103.7022969,PIONEER POLYCLINIC,1.338732,103.700228,36.27,13.47,892.51,2,11.4,3.41825026375064,Public Holiday,Non-peak Late Morning,0,10:45:00,0,0,1
Boon Lay,Samulun,1.308060598,103.7022969,PIONEER POLYCLINIC,1.338732,103.700228,45.1,13.48,853.77,0,31.62,3.41825026375064,Public Holiday,Lunch Peak,0,13:00:00,0,0,1
Boon Lay,Samulun,1.308060598,103.7022969,PIONEER POLYCLINIC,1.338732,103.700228,45.1,13.48,853.77,0,31.62,3.41825026375064,Public Holiday,Non-peak Afternoon,0,15:30:00,0,0,1
Boon Lay,Samulun,1.308060598,103.7022969,PIONEER POLYCLINIC,1.338732,103.700228,45.1,13.48,853.77,0,31.62,3.41825026375064,Public Holiday,Evening Peak,0,18:30:00,0,0,1
Boon Lay,Samulun,1.308060598,103.7022969,PIONEER POLYCLINIC,1.338732,103.700228,45.1,13.48,853.77,0,31.62,3.41825026375064,Public Holiday,Non-peak Evening,0,21:00:00,0,0,1
Boon Lay,Samulun,1.308060598,103.7022969,PIONEER POLYCLINIC,1.338732,103.700228,35.1,10.08,646.25,1,22.13,3.41825026375064,Public Holiday,Late Night Non-peak,0,23:30:00,0,0,1
Boon Lay,Samulun,1.308060598,103.7022969,NG TENG FONG GENERAL HOSPITAL & JURONG COMMUNITY HOSPITAL,1.334271,103.744626,47.07,19.52,1305.28,1,23.22,5.53498963449247,Weekday,Non-peak Morning,0,06:30:00,1,0,0
Boon Lay,Samulun,1.308060598,103.7022969,NG TENG FONG GENERAL HOSPITAL & JURONG COMMUNITY HOSPITAL,1.334271,103.744626,47.45,13.15,850.37,2,27.83,5.53498963449247,Weekday,Morning Peak,0,08:30:00,1,0,0
Boon Lay,Samulun,1.308060598,103.7022969,NG TENG FONG GENERAL HOSPITAL & JURONG COMMUNITY HOSPITAL,1.334271,103.744626,47.42,19.52,1305.28,1,23.22,5.53498963449247,Weekday,Non-peak Late Morning,0,10:45:00,1,0,0
Boon Lay,Samulun,1.308060598,103.7022969,NG TENG FONG GENERAL HOSPITAL & JURONG COMMUNITY HOSPITAL,1.334271,103.744626,51.9,9.28,602.74,1,38.8,5.53498963449247,Weekday,Lunch Peak,0,13:00:00,1,0,0
Boon Lay,Samulun,1.308060598,103.7022969,NG TENG FONG GENERAL HOSPITAL & JURONG COMMUNITY HOSPITAL,1.334271,103.744626,48.15,9.28,602.74,2,34.18,5.53498963449247,Weekday,Non-peak Afternoon,0,15:30:00,1,0,0
Boon Lay,Samulun,1.308060598,103.7022969,NG TENG FONG GENERAL HOSPITAL & JURONG COMMUNITY HOSPITAL,1.334271,103.744626,46.17,19.52,1305.28,1,23.22,5.53498963449247,Weekday,Evening Peak,0,18:30:00,1,0,0
Boon Lay,Samulun,1.308060598,103.7022969,NG TENG FONG GENERAL HOSPITAL & JURONG COMMUNITY HOSPITAL,1.334271,103.744626,46.67,19.52,1305.28,1,23.22,5.53498963449247,Weekday,Non-peak Evening,0,21:00:00,1,0,0
Boon Lay,Samulun,1.308060598,103.7022969,NG TENG FONG GENERAL HOSPITAL & JURONG COMMUNITY HOSPITAL,1.334271,103.744626,79.18,13.45,885.2,2,58.62,5.53498963449247,Weekday,Late Night Non-peak,0,23:30:00,1,0,0
Boon Lay,Samulun,1.308060598,103.7022969,NG TENG FONG GENERAL HOSPITAL & JURONG COMMUNITY HOSPITAL,1.334271,103.744626,47.07,19.52,1305.28,1,23.22,5.53498963449247,Weekend,Non-peak Morning,0,06:30:00,0,1,0
Boon Lay,Samulun,1.308060598,103.7022969,NG TENG FONG GENERAL HOSPITAL & JURONG COMMUNITY HOSPITAL,1.334271,103.744626,47.45,13.15,850.37,2,27.83,5.53498963449247,Weekend,Morning Peak,0,08:30:00,0,1,0
Boon Lay,Samulun,1.308060598,103.7022969,NG TENG FONG GENERAL HOSPITAL & JURONG COMMUNITY HOSPITAL,1.334271,103.744626,47.42,19.52,1305.28,1,23.22,5.53498963449247,Weekend,Non-peak Late Morning,0,10:45:00,0,1,0
Boon Lay,Samulun,1.308060598,103.7022969,NG TENG FONG GENERAL HOSPITAL & JURONG COMMUNITY HOSPITAL,1.334271,103.744626,51.9,9.28,602.74,1,38.8,5.53498963449247,Weekend,Lunch Peak,0,13:00:00,0,1,0
Boon Lay,Samulun,1.308060598,103.7022969,NG TENG FONG GENERAL HOSPITAL & JURONG COMMUNITY HOSPITAL,1.334271,103.744626,48.15,9.28,602.74,2,34.18,5.53498963449247,Weekend,Non-peak Afternoon,0,15:30:00,0,1,0
Boon Lay,Samulun,1.308060598,103.7022969,NG TENG FONG GENERAL HOSPITAL & JURONG COMMUNITY HOSPITAL,1.334271,103.744626,46.17,19.52,1305.28,1,23.22,5.53498963449247,Weekend,Evening Peak,0,18:30:00,0,1,0
Boon Lay,Samulun,1.308060598,103.7022969,NG TENG FONG GENERAL HOSPITAL & JURONG COMMUNITY HOSPITAL,1.334271,103.744626,46.67,19.52,1305.28,1,23.22,5.53498963449247,Weekend,Non-peak Evening,0,21:00:00,0,1,0
Boon Lay,Samulun,1.308060598,103.7022969,NG TENG FONG GENERAL HOSPITAL & JURONG COMMUNITY HOSPITAL,1.334271,103.744626,79.18,13.45,885.2,2,58.62,5.53498963449247,Weekend,Late Night Non-peak,0,23:30:00,0,1,0
Boon Lay,Samulun,1.308060598,103.7022969,NG TENG FONG GENERAL HOSPITAL & JURONG COMMUNITY HOSPITAL,1.334271,103.744626,47.07,19.52,1305.28,1,23.22,5.53498963449247,Public Holiday,Non-peak Morning,0,06:30:00,0,0,1
Boon Lay,Samulun,1.308060598,103.7022969,NG TENG FONG GENERAL HOSPITAL & JURONG COMMUNITY HOSPITAL,1.334271,103.744626,47.45,13.15,850.37,2,27.83,5.53498963449247,Public Holiday,Morning Peak,0,08:30:00,0,0,1
Boon Lay,Samulun,1.308060598,103.7022969,NG TENG FONG GENERAL HOSPITAL & JURONG COMMUNITY HOSPITAL,1.334271,103.744626,47.42,19.52,1305.28,1,23.22,5.53498963449247,Public Holiday,Non-peak Late Morning,0,10:45:00,0,0,1
Boon Lay,Samulun,1.308060598,103.7022969,NG TENG FONG GENERAL HOSPITAL & JURONG COMMUNITY HOSPITAL,1.334271,103.744626,51.9,9.28,602.74,1,38.8,5.53498963449247,Public Holiday,Lunch Peak,0,13:00:00,0,0,1
Boon Lay,Samulun,1.308060598,103.7022969,NG TENG FONG GENERAL HOSPITAL & JURONG COMMUNITY HOSPITAL,1.334271,103.744626,48.15,9.28,602.74,2,34.18,5.53498963449247,Public Holiday,Non-peak Afternoon,0,15:30:00,0,0,1
Boon Lay,Samulun,1.308060598,103.7022969,NG TENG FONG GENERAL HOSPITAL & JURONG COMMUNITY HOSPITAL,1.334271,103.744626,46.17,19.52,1305.28,1,23.22,5.53498963449247,Public Holiday,Evening Peak,0,18:30:00,0,0,1
Boon Lay,Samulun,1.308060598,103.7022969,NG TENG FONG GENERAL HOSPITAL & JURONG COMMUNITY HOSPITAL,1.334271,103.744626,46.67,19.52,1305.28,1,23.22,5.53498963449247,Public Holiday,Non-peak Evening,0,21:00:00,0,0,1
Boon Lay,Samulun,1.308060598,103.7022969,NG TENG FONG GENERAL HOSPITAL & JURONG COMMUNITY HOSPITAL,1.334271,103.744626,79.18,13.45,885.2,2,58.62,5.53498963449247,Public Holiday,Late Night Non-peak,0,23:30:00,0,0,1
Boon Lay,Samulun,1.308060598,103.7022969,JURONG POLYCLINIC,1.350189,103.730642,48.13,5.95,370.14,2,34.52,5.64560923769253,Weekday,Non-peak Morning,0,06:30:00,1,0,0
Boon Lay,Samulun,1.308060598,103.7022969,JURONG POLYCLINIC,1.350189,103.730642,49.63,2.08,122.51,1,45.48,5.64560923769253,Weekday,Morning Peak,0,08:30:00,1,0,0
Boon Lay,Samulun,1.308060598,103.7022969,JURONG POLYCLINIC,1.350189,103.730642,50.63,2.08,122.51,1,45.48,5.64560923769253,Weekday,Non-peak Late Morning,0,10:45:00,1,0,0
Boon Lay,Samulun,1.308060598,103.7022969,JURONG POLYCLINIC,1.350189,103.730642,52.03,2.08,122.51,2,44.5,5.64560923769253,Weekday,Lunch Peak,0,13:00:00,1,0,0
Boon Lay,Samulun,1.308060598,103.7022969,JURONG POLYCLINIC,1.350189,103.730642,51.03,2.08,122.51,2,44.5,5.64560923769253,Weekday,Non-peak Afternoon,0,15:30:00,1,0,0
Boon Lay,Samulun,1.308060598,103.7022969,JURONG POLYCLINIC,1.350189,103.730642,50.13,2.08,122.51,1,45.48,5.64560923769253,Weekday,Evening Peak,0,18:30:00,1,0,0
Boon Lay,Samulun,1.308060598,103.7022969,JURONG POLYCLINIC,1.350189,103.730642,51.83,2.08,122.51,1,46.68,5.64560923769253,Weekday,Non-peak Evening,0,21:00:00,1,0,0
Boon Lay,Samulun,1.308060598,103.7022969,JURONG POLYCLINIC,1.350189,103.730642,66.38,9.22,601.91,1,53.32,5.64560923769253,Weekday,Late Night Non-peak,0,23:30:00,1,0,0
Boon Lay,Samulun,1.308060598,103.7022969,JURONG POLYCLINIC,1.350189,103.730642,48.13,5.95,370.14,2,34.52,5.64560923769253,Weekend,Non-peak Morning,0,06:30:00,0,1,0
Boon Lay,Samulun,1.308060598,103.7022969,JURONG POLYCLINIC,1.350189,103.730642,49.63,2.08,122.51,1,45.48,5.64560923769253,Weekend,Morning Peak,0,08:30:00,0,1,0
Boon Lay,Samulun,1.308060598,103.7022969,JURONG POLYCLINIC,1.350189,103.730642,50.63,2.08,122.51,1,45.48,5.64560923769253,Weekend,Non-peak Late Morning,0,10:45:00,0,1,0
Boon Lay,Samulun,1.308060598,103.7022969,JURONG POLYCLINIC,1.350189,103.730642,52.03,2.08,122.51,2,44.5,5.64560923769253,Weekend,Lunch Peak,0,13:00:00,0,1,0
Boon Lay,Samulun,1.308060598,103.7022969,JURONG POLYCLINIC,1.350189,103.730642,51.03,2.08,122.51,2,44.5,5.64560923769253,Weekend,Non-peak Afternoon,0,15:30:00,0,1,0
Boon Lay,Samulun,1.308060598,103.7022969,JURONG POLYCLINIC,1.350189,103.730642,50.13,2.08,122.51,1,45.48,5.64560923769253,Weekend,Evening Peak,0,18:30:00,0,1,0
Boon Lay,Samulun,1.308060598,103.7022969,JURONG POLYCLINIC,1.350189,103.730642,51.83,2.08,122.51,1,46.68,5.64560923769253,Weekend,Non-peak Evening,0,21:00:00,0,1,0
Boon Lay,Samulun,1.308060598,103.7022969,JURONG POLYCLINIC,1.350189,103.730642,66.38,9.22,601.91,1,53.32,5.64560923769253,Weekend,Late Night Non-peak,0,23:30:00,0,1,0
Boon Lay,Samulun,1.308060598,103.7022969,JURONG POLYCLINIC,1.350189,103.730642,48.13,5.95,370.14,2,34.52,5.64560923769253,Public Holiday,Non-peak Morning,0,06:30:00,0,0,1
Boon Lay,Samulun,1.308060598,103.7022969,JURONG POLYCLINIC,1.350189,103.730642,49.63,2.08,122.51,1,45.48,5.64560923769253,Public Holiday,Morning Peak,0,08:30:00,0,0,1
Boon Lay,Samulun,1.308060598,103.7022969,JURONG POLYCLINIC,1.350189,103.730642,50.63,2.08,122.51,1,45.48,5.64560923769253,Public Holiday,Non-peak Late Morning,0,10:45:00,0,0,1
Boon Lay,Samulun,1.308060598,103.7022969,JURONG POLYCLINIC,1.350189,103.730642,52.03,2.08,122.51,2,44.5,5.64560923769253,Public Holiday,Lunch Peak,0,13:00:00,0,0,1
Boon Lay,Samulun,1.308060598,103.7022969,JURONG POLYCLINIC,1.350189,103.730642,51.03,2.08,122.51,2,44.5,5.64560923769253,Public Holiday,Non-peak Afternoon,0,15:30:00,0,0,1
Boon Lay,Samulun,1.308060598,103.7022969,JURONG POLYCLINIC,1.350189,103.730642,50.13,2.08,122.51,1,45.48,5.64560923769253,Public Holiday,Evening Peak,0,18:30:00,0,0,1
Boon Lay,Samulun,1.308060598,103.7022969,JURONG POLYCLINIC,1.350189,103.730642,51.83,2.08,122.51,1,46.68,5.64560923769253,Public Holiday,Non-peak Evening,0,21:00:00,0,0,1
Boon Lay,Samulun,1.308060598,103.7022969,JURONG POLYCLINIC,1.350189,103.730642,66.38,9.22,601.91,1,53.32,5.64560923769253,Public Holiday,Late Night Non-peak,0,23:30:00,0,0,1
Boon Lay,Samulun,1.308060598,103.7022969,CLEMENTI POLYCLINIC,1.312991,103.765878,53.77,12.33,793.44,2,33.0,7.08927660673146,Weekday,Non-peak Morning,0,06:30:00,1,0,0
Boon Lay,Samulun,1.308060598,103.7022969,CLEMENTI POLYCLINIC,1.312991,103.765878,51.8,12.33,793.44,2,33.0,7.08927660673146,Weekday,Morning Peak,0,08:30:00,1,0,0
Boon Lay,Samulun,1.308060598,103.7022969,CLEMENTI POLYCLINIC,1.312991,103.765878,57.35,8.47,545.81,1,43.97,7.08927660673146,Weekday,Non-peak Late Morning,0,10:45:00,1,0,0
Boon Lay,Samulun,1.308060598,103.7022969,CLEMENTI POLYCLINIC,1.312991,103.765878,56.25,8.47,545.81,1,43.97,7.08927660673146,Weekday,Lunch Peak,0,13:00:00,1,0,0
Boon Lay,Samulun,1.308060598,103.7022969,CLEMENTI POLYCLINIC,1.312991,103.765878,52.5,8.47,545.81,2,39.35,7.08927660673146,Weekday,Non-peak Afternoon,0,15:30:00,1,0,0
Boon Lay,Samulun,1.308060598,103.7022969,CLEMENTI POLYCLINIC,1.312991,103.765878,57.13,8.47,545.81,1,43.97,7.08927660673146,Weekday,Evening Peak,0,18:30:00,1,0,0
Boon Lay,Samulun,1.308060598,103.7022969,CLEMENTI POLYCLINIC,1.312991,103.765878,57.63,8.47,545.81,1,43.97,7.08927660673146,Weekday,Non-peak Evening,0,21:00:00,1,0,0
Boon Lay,Samulun,1.308060598,103.7022969,CLEMENTI POLYCLINIC,1.312991,103.765878,146.58,146.58,10099.17,0,0.0,7.08927660673146,Weekday,Late Night Non-peak,0,23:30:00,1,0,0
Boon Lay,Samulun,1.308060598,103.7022969,CLEMENTI POLYCLINIC,1.312991,103.765878,53.77,12.33,793.44,2,33.0,7.08927660673146,Weekend,Non-peak Morning,0,06:30:00,0,1,0
Boon Lay,Samulun,1.308060598,103.7022969,CLEMENTI POLYCLINIC,1.312991,103.765878,51.8,12.33,793.44,2,33.0,7.08927660673146,Weekend,Morning Peak,0,08:30:00,0,1,0
Boon Lay,Samulun,1.308060598,103.7022969,CLEMENTI POLYCLINIC,1.312991,103.765878,57.35,8.47,545.81,1,43.97,7.08927660673146,Weekend,Non-peak Late Morning,0,10:45:00,0,1,0
Boon Lay,Samulun,1.308060598,103.7022969,CLEMENTI POLYCLINIC,1.312991,103.765878,56.25,8.47,545.81,1,43.97,7.08927660673146,Weekend,Lunch Peak,0,13:00:00,0,1,0
Boon Lay,Samulun,1.308060598,103.7022969,CLEMENTI POLYCLINIC,1.312991,103.765878,52.5,8.47,545.81,2,39.35,7.08927660673146,Weekend,Non-peak Afternoon,0,15:30:00,0,1,0
Boon Lay,Samulun,1.308060598,103.7022969,CLEMENTI POLYCLINIC,1.312991,103.765878,57.13,8.47,545.81,1,43.97,7.08927660673146,Weekend,Evening Peak,0,18:30:00,0,1,0
Boon Lay,Samulun,1.308060598,103.7022969,CLEMENTI POLYCLINIC,1.312991,103.765878,57.63,8.47,545.81,1,43.97,7.08927660673146,Weekend,Non-peak Evening,0,21:00:00,0,1,0
Boon Lay,Samulun,1.308060598,103.7022969,CLEMENTI POLYCLINIC,1.312991,103.765878,146.58,146.58,10099.17,0,0.0,7.08927660673146,Weekend,Late Night Non-peak,0,23:30:00,0,1,0
Boon Lay,Samulun,1.308060598,103.7022969,CLEMENTI POLYCLINIC,1.312991,103.765878,53.77,12.33,793.44,2,33.0,7.08927660673146,Public Holiday,Non-peak Morning,0,06:30:00,0,0,1
Boon Lay,Samulun,1.308060598,103.7022969,CLEMENTI POLYCLINIC,1.312991,103.765878,51.8,12.33,793.44,2,33.0,7.08927660673146,Public Holiday,Morning Peak,0,08:30:00,0,0,1
Boon Lay,Samulun,1.308060598,103.7022969,CLEMENTI POLYCLINIC,1.312991,103.765878,57.35,8.47,545.81,1,43.97,7.08927660673146,Public Holiday,Non-peak Late Morning,0,10:45:00,0,0,1
Boon Lay,Samulun,1.308060598,103.7022969,CLEMENTI POLYCLINIC,1.312991,103.765878,56.25,8.47,545.81,1,43.97,7.08927660673146,Public Holiday,Lunch Peak,0,13:00:00,0,0,1
Boon Lay,Samulun,1.308060598,103.7022969,CLEMENTI POLYCLINIC,1.312991,103.765878,52.5,8.47,545.81,2,39.35,7.08927660673146,Public Holiday,Non-peak Afternoon,0,15:30:00,0,0,1
Boon Lay,Samulun,1.308060598,103.7022969,CLEMENTI POLYCLINIC,1.312991,103.765878,57.13,8.47,545.81,1,43.97,7.08927660673146,Public Holiday,Evening Peak,0,18:30:00,0,0,1
Boon Lay,Samulun,1.308060598,103.7022969,CLEMENTI POLYCLINIC,1.312991,103.765878,57.63,8.47,545.81,1,43.97,7.08927660673146,Public Holiday,Non-peak Evening,0,21:00:00,0,0,1
Boon Lay,Samulun,1.308060598,103.7022969,CLEMENTI POLYCLINIC,1.312991,103.765878,146.58,146.58,10099.17,0,0.0,7.08927660673146,Public Holiday,Late Night Non-peak,0,23:30:00,0,0,1
Boon Lay,Samulun,1.308060598,103.7022969,BUKIT BATOK POLYCLINIC,1.352161,103.748974,56.88,14.27,959.36,1,36.82,7.1393923697941,Weekday,Non-peak Morning,0,06:30:00,1,0,0
Boon Lay,Samulun,1.308060598,103.7022969,BUKIT BATOK POLYCLINIC,1.352161,103.748974,59.38,11.45,761.12,2,41.63,7.1393923697941,Weekday,Morning Peak,0,08:30:00,1,0,0
Boon Lay,Samulun,1.308060598,103.7022969,BUKIT BATOK POLYCLINIC,1.352161,103.748974,59.88,14.27,959.36,1,37.82,7.1393923697941,Weekday,Non-peak Late Morning,0,10:45:00,1,0,0
Boon Lay,Samulun,1.308060598,103.7022969,BUKIT BATOK POLYCLINIC,1.352161,103.748974,63.5,4.03,256.82,1,53.4,7.1393923697941,Weekday,Lunch Peak,0,13:00:00,1,0,0
Boon Lay,Samulun,1.308060598,103.7022969,BUKIT BATOK POLYCLINIC,1.352161,103.748974,60.08,11.45,761.12,2,41.63,7.1393923697941,Weekday,Non-peak Afternoon,0,15:30:00,1,0,0
Boon Lay,Samulun,1.308060598,103.7022969,BUKIT BATOK POLYCLINIC,1.352161,103.748974,64.3,4.03,256.82,2,54.92,7.1393923697941,Weekday,Evening Peak,0,18:30:00,1,0,0
Boon Lay,Samulun,1.308060598,103.7022969,BUKIT BATOK POLYCLINIC,1.352161,103.748974,59.5,4.03,256.82,1,53.4,7.1393923697941,Weekday,Non-peak Evening,0,21:00:00,1,0,0
Boon Lay,Samulun,1.308060598,103.7022969,BUKIT BATOK POLYCLINIC,1.352161,103.748974,98.93,35.92,2376.34,1,59.17,7.1393923697941,Weekday,Late Night Non-peak,0,23:30:00,1,0,0
Boon Lay,Samulun,1.308060598,103.7022969,BUKIT BATOK POLYCLINIC,1.352161,103.748974,56.88,14.27,959.36,1,36.82,7.1393923697941,Weekend,Non-peak Morning,0,06:30:00,0,1,0
Boon Lay,Samulun,1.308060598,103.7022969,BUKIT BATOK POLYCLINIC,1.352161,103.748974,59.38,11.45,761.12,2,41.63,7.1393923697941,Weekend,Morning Peak,0,08:30:00,0,1,0
Boon Lay,Samulun,1.308060598,103.7022969,BUKIT BATOK POLYCLINIC,1.352161,103.748974,59.88,14.27,959.36,1,37.82,7.1393923697941,Weekend,Non-peak Late Morning,0,10:45:00,0,1,0
Boon Lay,Samulun,1.308060598,103.7022969,BUKIT BATOK POLYCLINIC,1.352161,103.748974,63.5,4.03,256.82,1,53.4,7.1393923697941,Weekend,Lunch Peak,0,13:00:00,0,1,0
Boon Lay,Samulun,1.308060598,103.7022969,BUKIT BATOK POLYCLINIC,1.352161,103.748974,60.08,11.45,761.12,2,41.63,7.1393923697941,Weekend,Non-peak Afternoon,0,15:30:00,0,1,0
Boon Lay,Samulun,1.308060598,103.7022969,BUKIT BATOK POLYCLINIC,1.352161,103.748974,64.3,4.03,256.82,2,54.92,7.1393923697941,Weekend,Evening Peak,0,18:30:00,0,1,0
Boon Lay,Samulun,1.308060598,103.7022969,BUKIT BATOK POLYCLINIC,1.352161,103.748974,59.5,4.03,256.82,1,53.4,7.1393923697941,Weekend,Non-peak Evening,0,21:00:00,0,1,0
Boon Lay,Samulun,1.308060598,103.7022969,BUKIT BATOK POLYCLINIC,1.352161,103.748974,98.93,35.92,2376.34,1,59.17,7.1393923697941,Weekend,Late Night Non-peak,0,23:30:00,0,1,0
Boon Lay,Samulun,1.308060598,103.7022969,BUKIT BATOK POLYCLINIC,1.352161,103.748974,56.88,14.27,959.36,1,36.82,7.1393923697941,Public Holiday,Non-peak Morning,0,06:30:00,0,0,1
Boon Lay,Samulun,1.308060598,103.7022969,BUKIT BATOK POLYCLINIC,1.352161,103.748974,59.38,11.45,761.12,2,41.63,7.1393923697941,Public Holiday,Morning Peak,0,08:30:00,0,0,1
Boon Lay,Samulun,1.308060598,103.7022969,BUKIT BATOK POLYCLINIC,1.352161,103.748974,59.88,14.27,959.36,1,37.82,7.1393923697941,Public Holiday,Non-peak Late Morning,0,10:45:00,0,0,1
Boon Lay,Samulun,1.308060598,103.7022969,BUKIT BATOK POLYCLINIC,1.352161,103.748974,63.5,4.03,256.82,1,53.4,7.1393923697941,Public Holiday,Lunch Peak,0,13:00:00,0,0,1
Boon Lay,Samulun,1.308060598,103.7022969,BUKIT BATOK POLYCLINIC,1.352161,103.748974,60.08,11.45,761.12,2,41.63,7.1393923697941,Public Holiday,Non-peak Afternoon,0,15:30:00,0,0,1
Boon Lay,Samulun,1.308060598,103.7022969,BUKIT BATOK POLYCLINIC,1.352161,103.748974,64.3,4.03,256.82,2,54.92,7.1393923697941,Public Holiday,Evening Peak,0,18:30:00,0,0,1
Boon Lay,Samulun,1.308060598,103.7022969,BUKIT BATOK POLYCLINIC,1.352161,103.748974,59.5,4.03,256.82,1,53.4,7.1393923697941,Public Holiday,Non-peak Evening,0,21:00:00,0,0,1
Boon Lay,Samulun,1.308060598,103.7022969,BUKIT BATOK POLYCLINIC,1.352161,103.748974,98.93,35.92,2376.34,1,59.17,7.1393923697941,Public Holiday,Late Night Non-peak,0,23:30:00,0,0,1
Boon Lay,Shipyard,1.307497297,103.6892828,PIONEER POLYCLINIC,1.338732,103.700228,27.82,14.45,969.8,0,13.37,3.68009886287407,Weekday,Non-peak Morning,0,06:30:00,1,0,0
Boon Lay,Shipyard,1.307497297,103.6892828,PIONEER POLYCLINIC,1.338732,103.700228,27.82,14.45,969.8,0,13.37,3.68009886287407,Weekday,Morning Peak,0,08:30:00,1,0,0
Boon Lay,Shipyard,1.307497297,103.6892828,PIONEER POLYCLINIC,1.338732,103.700228,27.82,14.45,969.8,0,13.37,3.68009886287407,Weekday,Non-peak Late Morning,0,10:45:00,1,0,0
Boon Lay,Shipyard,1.307497297,103.6892828,PIONEER POLYCLINIC,1.338732,103.700228,27.3,11.0,736.51,1,14.1,3.68009886287407,Weekday,Lunch Peak,0,13:00:00,1,0,0
Boon Lay,Shipyard,1.307497297,103.6892828,PIONEER POLYCLINIC,1.338732,103.700228,27.82,14.45,969.8,0,13.37,3.68009886287407,Weekday,Non-peak Afternoon,0,15:30:00,1,0,0
Boon Lay,Shipyard,1.307497297,103.6892828,PIONEER POLYCLINIC,1.338732,103.700228,27.82,14.45,969.8,0,13.37,3.68009886287407,Weekday,Evening Peak,0,18:30:00,1,0,0
Boon Lay,Shipyard,1.307497297,103.6892828,PIONEER POLYCLINIC,1.338732,103.700228,27.82,14.45,969.8,0,13.37,3.68009886287407,Weekday,Non-peak Evening,0,21:00:00,1,0,0
Boon Lay,Shipyard,1.307497297,103.6892828,PIONEER POLYCLINIC,1.338732,103.700228,27.8,11.0,736.51,1,14.1,3.68009886287407,Weekday,Late Night Non-peak,0,23:30:00,1,0,0
Boon Lay,Shipyard,1.307497297,103.6892828,PIONEER POLYCLINIC,1.338732,103.700228,27.82,14.45,969.8,0,13.37,3.68009886287407,Weekend,Non-peak Morning,0,06:30:00,0,1,0
Boon Lay,Shipyard,1.307497297,103.6892828,PIONEER POLYCLINIC,1.338732,103.700228,27.82,14.45,969.8,0,13.37,3.68009886287407,Weekend,Morning Peak,0,08:30:00,0,1,0
Boon Lay,Shipyard,1.307497297,103.6892828,PIONEER POLYCLINIC,1.338732,103.700228,27.82,14.45,969.8,0,13.37,3.68009886287407,Weekend,Non-peak Late Morning,0,10:45:00,0,1,0
Boon Lay,Shipyard,1.307497297,103.6892828,PIONEER POLYCLINIC,1.338732,103.700228,27.3,11.0,736.51,1,14.1,3.68009886287407,Weekend,Lunch Peak,0,13:00:00,0,1,0
Boon Lay,Shipyard,1.307497297,103.6892828,PIONEER POLYCLINIC,1.338732,103.700228,27.82,14.45,969.8,0,13.37,3.68009886287407,Weekend,Non-peak Afternoon,0,15:30:00,0,1,0
Boon Lay,Shipyard,1.307497297,103.6892828,PIONEER POLYCLINIC,1.338732,103.700228,27.82,14.45,969.8,0,13.37,3.68009886287407,Weekend,Evening Peak,0,18:30:00,0,1,0
Boon Lay,Shipyard,1.307497297,103.6892828,PIONEER POLYCLINIC,1.338732,103.700228,27.82,14.45,969.8,0,13.37,3.68009886287407,Weekend,Non-peak Evening,0,21:00:00,0,1,0
Boon Lay,Shipyard,1.307497297,103.6892828,PIONEER POLYCLINIC,1.338732,103.700228,27.8,11.0,736.51,1,14.1,3.68009886287407,Weekend,Late Night Non-peak,0,23:30:00,0,1,0
Boon Lay,Shipyard,1.307497297,103.6892828,PIONEER POLYCLINIC,1.338732,103.700228,27.82,14.45,969.8,0,13.37,3.68009886287407,Public Holiday,Non-peak Morning,0,06:30:00,0,0,1
Boon Lay,Shipyard,1.307497297,103.6892828,PIONEER POLYCLINIC,1.338732,103.700228,27.82,14.45,969.8,0,13.37,3.68009886287407,Public Holiday,Morning Peak,0,08:30:00,0,0,1
Boon Lay,Shipyard,1.307497297,103.6892828,PIONEER POLYCLINIC,1.338732,103.700228,27.82,14.45,969.8,0,13.37,3.68009886287407,Public Holiday,Non-peak Late Morning,0,10:45:00,0,0,1
Boon Lay,Shipyard,1.307497297,103.6892828,PIONEER POLYCLINIC,1.338732,103.700228,27.3,11.0,736.51,1,14.1,3.68009886287407,Public Holiday,Lunch Peak,0,13:00:00,0,0,1
Boon Lay,Shipyard,1.307497297,103.6892828,PIONEER POLYCLINIC,1.338732,103.700228,27.82,14.45,969.8,0,13.37,3.68009886287407,Public Holiday,Non-peak Afternoon,0,15:30:00,0,0,1
Boon Lay,Shipyard,1.307497297,103.6892828,PIONEER POLYCLINIC,1.338732,103.700228,27.82,14.45,969.8,0,13.37,3.68009886287407,Public Holiday,Evening Peak,0,18:30:00,0,0,1
Boon Lay,Shipyard,1.307497297,103.6892828,PIONEER POLYCLINIC,1.338732,103.700228,27.82,14.45,969.8,0,13.37,3.68009886287407,Public Holiday,Non-peak Evening,0,21:00:00,0,0,1
Boon Lay,Shipyard,1.307497297,103.6892828,PIONEER POLYCLINIC,1.338732,103.700228,27.8,11.0,736.51,1,14.1,3.68009886287407,Public Holiday,Late Night Non-peak,0,23:30:00,0,0,1
Boon Lay,Shipyard,1.307497297,103.6892828,JURONG POLYCLINIC,1.350189,103.730642,41.35,6.45,446.06,1,32.1,6.60861383924664,Weekday,Non-peak Morning,0,06:30:00,1,0,0
Boon Lay,Shipyard,1.307497297,103.6892828,JURONG POLYCLINIC,1.350189,103.730642,41.35,6.45,446.06,1,32.1,6.60861383924664,Weekday,Morning Peak,0,08:30:00,1,0,0
Boon Lay,Shipyard,1.307497297,103.6892828,JURONG POLYCLINIC,1.350189,103.730642,44.25,6.45,446.06,1,35.73,6.60861383924664,Weekday,Non-peak Late Morning,0,10:45:00,1,0,0
Boon Lay,Shipyard,1.307497297,103.6892828,JURONG POLYCLINIC,1.350189,103.730642,42.85,6.45,446.06,1,32.1,6.60861383924664,Weekday,Lunch Peak,0,13:00:00,1,0,0
Boon Lay,Shipyard,1.307497297,103.6892828,JURONG POLYCLINIC,1.350189,103.730642,44.25,6.45,446.06,1,35.73,6.60861383924664,Weekday,Non-peak Afternoon,0,15:30:00,1,0,0
Boon Lay,Shipyard,1.307497297,103.6892828,JURONG POLYCLINIC,1.350189,103.730642,45.85,6.45,446.06,1,32.1,6.60861383924664,Weekday,Evening Peak,0,18:30:00,1,0,0
Boon Lay,Shipyard,1.307497297,103.6892828,JURONG POLYCLINIC,1.350189,103.730642,40.85,6.45,446.06,1,32.1,6.60861383924664,Weekday,Non-peak Evening,0,21:00:00,1,0,0
Boon Lay,Shipyard,1.307497297,103.6892828,JURONG POLYCLINIC,1.350189,103.730642,49.7,17.95,1198.05,2,24.13,6.60861383924664,Weekday,Late Night Non-peak,0,23:30:00,1,0,0
Boon Lay,Shipyard,1.307497297,103.6892828,JURONG POLYCLINIC,1.350189,103.730642,41.35,6.45,446.06,1,32.1,6.60861383924664,Weekend,Non-peak Morning,0,06:30:00,0,1,0
Boon Lay,Shipyard,1.307497297,103.6892828,JURONG POLYCLINIC,1.350189,103.730642,41.35,6.45,446.06,1,32.1,6.60861383924664,Weekend,Morning Peak,0,08:30:00,0,1,0
Boon Lay,Shipyard,1.307497297,103.6892828,JURONG POLYCLINIC,1.350189,103.730642,44.25,6.45,446.06,1,35.73,6.60861383924664,Weekend,Non-peak Late Morning,0,10:45:00,0,1,0
Boon Lay,Shipyard,1.307497297,103.6892828,JURONG POLYCLINIC,1.350189,103.730642,42.85,6.45,446.06,1,32.1,6.60861383924664,Weekend,Lunch Peak,0,13:00:00,0,1,0
Boon Lay,Shipyard,1.307497297,103.6892828,JURONG POLYCLINIC,1.350189,103.730642,44.25,6.45,446.06,1,35.73,6.60861383924664,Weekend,Non-peak Afternoon,0,15:30:00,0,1,0
Boon Lay,Shipyard,1.307497297,103.6892828,JURONG POLYCLINIC,1.350189,103.730642,45.85,6.45,446.06,1,32.1,6.60861383924664,Weekend,Evening Peak,0,18:30:00,0,1,0
Boon Lay,Shipyard,1.307497297,103.6892828,JURONG POLYCLINIC,1.350189,103.730642,40.85,6.45,446.06,1,32.1,6.60861383924664,Weekend,Non-peak Evening,0,21:00:00,0,1,0
Boon Lay,Shipyard,1.307497297,103.6892828,JURONG POLYCLINIC,1.350189,103.730642,49.7,17.95,1198.05,2,24.13,6.60861383924664,Weekend,Late Night Non-peak,0,23:30:00,0,1,0
Boon Lay,Shipyard,1.307497297,103.6892828,JURONG POLYCLINIC,1.350189,103.730642,41.35,6.45,446.06,1,32.1,6.60861383924664,Public Holiday,Non-peak Morning,0,06:30:00,0,0,1
Boon Lay,Shipyard,1.307497297,103.6892828,JURONG POLYCLINIC,1.350189,103.730642,41.35,6.45,446.06,1,32.1,6.60861383924664,Public Holiday,Morning Peak,0,08:30:00,0,0,1
Boon Lay,Shipyard,1.307497297,103.6892828,JURONG POLYCLINIC,1.350189,103.730642,44.25,6.45,446.06,1,35.73,6.60861383924664,Public Holiday,Non-peak Late Morning,0,10:45:00,0,0,1
Boon Lay,Shipyard,1.307497297,103.6892828,JURONG POLYCLINIC,1.350189,103.730642,42.85,6.45,446.06,1,32.1,6.60861383924664,Public Holiday,Lunch Peak,0,13:00:00,0,0,1
Boon Lay,Shipyard,1.307497297,103.6892828,JURONG POLYCLINIC,1.350189,103.730642,44.25,6.45,446.06,1,35.73,6.60861383924664,Public Holiday,Non-peak Afternoon,0,15:30:00,0,0,1
Boon Lay,Shipyard,1.307497297,103.6892828,JURONG POLYCLINIC,1.350189,103.730642,45.85,6.45,446.06,1,32.1,6.60861383924664,Public Holiday,Evening Peak,0,18:30:00,0,0,1
Boon Lay,Shipyard,1.307497297,103.6892828,JURONG POLYCLINIC,1.350189,103.730642,40.85,6.45,446.06,1,32.1,6.60861383924664,Public Holiday,Non-peak Evening,0,21:00:00,0,0,1
Boon Lay,Shipyard,1.307497297,103.6892828,JURONG POLYCLINIC,1.350189,103.730642,49.7,17.95,1198.05,2,24.13,6.60861383924664,Public Holiday,Late Night Non-peak,0,23:30:00,0,0,1
Boon Lay,Shipyard,1.307497297,103.6892828,NG TENG FONG GENERAL HOSPITAL & JURONG COMMUNITY HOSPITAL,1.334271,103.744626,43.4,13.65,926.29,1,25.42,6.8347111522049,Weekday,Non-peak Morning,0,06:30:00,1,0,0
Boon Lay,Shipyard,1.307497297,103.6892828,NG TENG FONG GENERAL HOSPITAL & JURONG COMMUNITY HOSPITAL,1.334271,103.744626,41.43,13.65,926.29,1,25.42,6.8347111522049,Weekday,Morning Peak,0,08:30:00,1,0,0
Boon Lay,Shipyard,1.307497297,103.6892828,NG TENG FONG GENERAL HOSPITAL & JURONG COMMUNITY HOSPITAL,1.334271,103.744626,43.75,13.65,926.29,1,25.42,6.8347111522049,Weekday,Non-peak Late Morning,0,10:45:00,1,0,0
Boon Lay,Shipyard,1.307497297,103.6892828,NG TENG FONG GENERAL HOSPITAL & JURONG COMMUNITY HOSPITAL,1.334271,103.744626,41.53,13.65,926.29,1,25.42,6.8347111522049,Weekday,Lunch Peak,0,13:00:00,1,0,0
Boon Lay,Shipyard,1.307497297,103.6892828,NG TENG FONG GENERAL HOSPITAL & JURONG COMMUNITY HOSPITAL,1.334271,103.744626,41.37,13.65,926.29,1,25.42,6.8347111522049,Weekday,Non-peak Afternoon,0,15:30:00,1,0,0
Boon Lay,Shipyard,1.307497297,103.6892828,NG TENG FONG GENERAL HOSPITAL & JURONG COMMUNITY HOSPITAL,1.334271,103.744626,42.25,13.65,926.29,1,25.42,6.8347111522049,Weekday,Evening Peak,0,18:30:00,1,0,0
Boon Lay,Shipyard,1.307497297,103.6892828,NG TENG FONG GENERAL HOSPITAL & JURONG COMMUNITY HOSPITAL,1.334271,103.744626,43.0,13.65,926.29,1,25.42,6.8347111522049,Weekday,Non-peak Evening,0,21:00:00,1,0,0
Boon Lay,Shipyard,1.307497297,103.6892828,NG TENG FONG GENERAL HOSPITAL & JURONG COMMUNITY HOSPITAL,1.334271,103.744626,41.0,12.98,878.48,2,21.87,6.8347111522049,Weekday,Late Night Non-peak,0,23:30:00,1,0,0
Boon Lay,Shipyard,1.307497297,103.6892828,NG TENG FONG GENERAL HOSPITAL & JURONG COMMUNITY HOSPITAL,1.334271,103.744626,43.4,13.65,926.29,1,25.42,6.8347111522049,Weekend,Non-peak Morning,0,06:30:00,0,1,0
Boon Lay,Shipyard,1.307497297,103.6892828,NG TENG FONG GENERAL HOSPITAL & JURONG COMMUNITY HOSPITAL,1.334271,103.744626,41.43,13.65,926.29,1,25.42,6.8347111522049,Weekend,Morning Peak,0,08:30:00,0,1,0
Boon Lay,Shipyard,1.307497297,103.6892828,NG TENG FONG GENERAL HOSPITAL & JURONG COMMUNITY HOSPITAL,1.334271,103.744626,43.75,13.65,926.29,1,25.42,6.8347111522049,Weekend,Non-peak Late Morning,0,10:45:00,0,1,0
Boon Lay,Shipyard,1.307497297,103.6892828,NG TENG FONG GENERAL HOSPITAL & JURONG COMMUNITY HOSPITAL,1.334271,103.744626,41.53,13.65,926.29,1,25.42,6.8347111522049,Weekend,Lunch Peak,0,13:00:00,0,1,0
Boon Lay,Shipyard,1.307497297,103.6892828,NG TENG FONG GENERAL HOSPITAL & JURONG COMMUNITY HOSPITAL,1.334271,103.744626,41.37,13.65,926.29,1,25.42,6.8347111522049,Weekend,Non-peak Afternoon,0,15:30:00,0,1,0
Boon Lay,Shipyard,1.307497297,103.6892828,NG TENG FONG GENERAL HOSPITAL & JURONG COMMUNITY HOSPITAL,1.334271,103.744626,42.25,13.65,926.29,1,25.42,6.8347111522049,Weekend,Evening Peak,0,18:30:00,0,1,0
Boon Lay,Shipyard,1.307497297,103.6892828,NG TENG FONG GENERAL HOSPITAL & JURONG COMMUNITY HOSPITAL,1.334271,103.744626,43.0,13.65,926.29,1,25.42,6.8347111522049,Weekend,Non-peak Evening,0,21:00:00,0,1,0
Boon Lay,Shipyard,1.307497297,103.6892828,NG TENG FONG GENERAL HOSPITAL & JURONG COMMUNITY HOSPITAL,1.334271,103.744626,41.0,12.98,878.48,2,21.87,6.8347111522049,Weekend,Late Night Non-peak,0,23:30:00,0,1,0
Boon Lay,Shipyard,1.307497297,103.6892828,NG TENG FONG GENERAL HOSPITAL & JURONG COMMUNITY HOSPITAL,1.334271,103.744626,43.4,13.65,926.29,1,25.42,6.8347111522049,Public Holiday,Non-peak Morning,0,06:30:00,0,0,1
Boon Lay,Shipyard,1.307497297,103.6892828,NG TENG FONG GENERAL HOSPITAL & JURONG COMMUNITY HOSPITAL,1.334271,103.744626,41.43,13.65,926.29,1,25.42,6.8347111522049,Public Holiday,Morning Peak,0,08:30:00,0,0,1
Boon Lay,Shipyard,1.307497297,103.6892828,NG TENG FONG GENERAL HOSPITAL & JURONG COMMUNITY HOSPITAL,1.334271,103.744626,43.75,13.65,926.29,1,25.42,6.8347111522049,Public Holiday,Non-peak Late Morning,0,10:45:00,0,0,1
Boon Lay,Shipyard,1.307497297,103.6892828,NG TENG FONG GENERAL HOSPITAL & JURONG COMMUNITY HOSPITAL,1.334271,103.744626,41.53,13.65,926.29,1,25.42,6.8347111522049,Public Holiday,Lunch Peak,0,13:00:00,0,0,1
Boon Lay,Shipyard,1.307497297,103.6892828,NG TENG FONG GENERAL HOSPITAL & JURONG COMMUNITY HOSPITAL,1.334271,103.744626,41.37,13.65,926.29,1,25.42,6.8347111522049,Public Holiday,Non-peak Afternoon,0,15:30:00,0,0,1
Boon Lay,Shipyard,1.307497297,103.6892828,NG TENG FONG GENERAL HOSPITAL & JURONG COMMUNITY HOSPITAL,1.334271,103.744626,42.25,13.65,926.29,1,25.42,6.8347111522049,Public Holiday,Evening Peak,0,18:30:00,0,0,1
Boon Lay,Shipyard,1.307497297,103.6892828,NG TENG FONG GENERAL HOSPITAL & JURONG COMMUNITY HOSPITAL,1.334271,103.744626,43.0,13.65,926.29,1,25.42,6.8347111522049,Public Holiday,Non-peak Evening,0,21:00:00,0,0,1
Boon Lay,Shipyard,1.307497297,103.6892828,NG TENG FONG GENERAL HOSPITAL & JURONG COMMUNITY HOSPITAL,1.334271,103.744626,41.0,12.98,878.48,2,21.87,6.8347111522049,Public Holiday,Late Night Non-peak,0,23:30:00,0,0,1
Boon Lay,Shipyard,1.307497297,103.6892828,BUKIT BATOK POLYCLINIC,1.352161,103.748974,51.13,15.82,1084.67,2,28.25,8.28828700142624,Weekday,Non-peak Morning,0,06:30:00,1,0,0
Boon Lay,Shipyard,1.307497297,103.6892828,BUKIT BATOK POLYCLINIC,1.352161,103.748974,50.25,15.82,1084.67,2,28.25,8.28828700142624,Weekday,Morning Peak,0,08:30:00,1,0,0
Boon Lay,Shipyard,1.307497297,103.6892828,BUKIT BATOK POLYCLINIC,1.352161,103.748974,52.57,15.82,1084.67,2,28.25,8.28828700142624,Weekday,Non-peak Late Morning,0,10:45:00,1,0,0
Boon Lay,Shipyard,1.307497297,103.6892828,BUKIT BATOK POLYCLINIC,1.352161,103.748974,50.35,15.82,1084.67,2,28.25,8.28828700142624,Weekday,Lunch Peak,0,13:00:00,1,0,0
Boon Lay,Shipyard,1.307497297,103.6892828,BUKIT BATOK POLYCLINIC,1.352161,103.748974,50.18,15.82,1084.67,2,28.25,8.28828700142624,Weekday,Non-peak Afternoon,0,15:30:00,1,0,0
Boon Lay,Shipyard,1.307497297,103.6892828,BUKIT BATOK POLYCLINIC,1.352161,103.748974,52.27,15.82,1084.67,2,28.25,8.28828700142624,Weekday,Evening Peak,0,18:30:00,1,0,0
Boon Lay,Shipyard,1.307497297,103.6892828,BUKIT BATOK POLYCLINIC,1.352161,103.748974,53.02,15.82,1084.67,2,28.25,8.28828700142624,Weekday,Non-peak Evening,0,21:00:00,1,0,0
Boon Lay,Shipyard,1.307497297,103.6892828,BUKIT BATOK POLYCLINIC,1.352161,103.748974,68.23,19.57,1319.96,2,39.52,8.28828700142624,Weekday,Late Night Non-peak,0,23:30:00,1,0,0
Boon Lay,Shipyard,1.307497297,103.6892828,BUKIT BATOK POLYCLINIC,1.352161,103.748974,51.13,15.82,1084.67,2,28.25,8.28828700142624,Weekend,Non-peak Morning,0,06:30:00,0,1,0
Boon Lay,Shipyard,1.307497297,103.6892828,BUKIT BATOK POLYCLINIC,1.352161,103.748974,50.25,15.82,1084.67,2,28.25,8.28828700142624,Weekend,Morning Peak,0,08:30:00,0,1,0
Boon Lay,Shipyard,1.307497297,103.6892828,BUKIT BATOK POLYCLINIC,1.352161,103.748974,52.57,15.82,1084.67,2,28.25,8.28828700142624,Weekend,Non-peak Late Morning,0,10:45:00,0,1,0
Boon Lay,Shipyard,1.307497297,103.6892828,BUKIT BATOK POLYCLINIC,1.352161,103.748974,50.35,15.82,1084.67,2,28.25,8.28828700142624,Weekend,Lunch Peak,0,13:00:00,0,1,0
Boon Lay,Shipyard,1.307497297,103.6892828,BUKIT BATOK POLYCLINIC,1.352161,103.748974,50.18,15.82,1084.67,2,28.25,8.28828700142624,Weekend,Non-peak Afternoon,0,15:30:00,0,1,0
Boon Lay,Shipyard,1.307497297,103.6892828,BUKIT BATOK POLYCLINIC,1.352161,103.748974,52.27,15.82,1084.67,2,28.25,8.28828700142624,Weekend,Evening Peak,0,18:30:00,0,1,0
Boon Lay,Shipyard,1.307497297,103.6892828,BUKIT BATOK POLYCLINIC,1.352161,103.748974,53.02,15.82,1084.67,2,28.25,8.28828700142624,Weekend,Non-peak Evening,0,21:00:00,0,1,0
Boon Lay,Shipyard,1.307497297,103.6892828,BUKIT BATOK POLYCLINIC,1.352161,103.748974,68.23,19.57,1319.96,2,39.52,8.28828700142624,Weekend,Late Night Non-peak,0,23:30:00,0,1,0
Boon Lay,Shipyard,1.307497297,103.6892828,BUKIT BATOK POLYCLINIC,1.352161,103.748974,51.13,15.82,1084.67,2,28.25,8.28828700142624,Public Holiday,Non-peak Morning,0,06:30:00,0,0,1
Boon Lay,Shipyard,1.307497297,103.6892828,BUKIT BATOK POLYCLINIC,1.352161,103.748974,50.25,15.82,1084.67,2,28.25,8.28828700142624,Public Holiday,Morning Peak,0,08:30:00,0,0,1
Boon Lay,Shipyard,1.307497297,103.6892828,BUKIT BATOK POLYCLINIC,1.352161,103.748974,52.57,15.82,1084.67,2,28.25,8.28828700142624,Public Holiday,Non-peak Late Morning,0,10:45:00,0,0,1
Boon Lay,Shipyard,1.307497297,103.6892828,BUKIT BATOK POLYCLINIC,1.352161,103.748974,50.35,15.82,1084.67,2,28.25,8.28828700142624,Public Holiday,Lunch Peak,0,13:00:00,0,0,1
Boon Lay,Shipyard,1.307497297,103.6892828,BUKIT BATOK POLYCLINIC,1.352161,103.748974,50.18,15.82,1084.67,2,28.25,8.28828700142624,Public Holiday,Non-peak Afternoon,0,15:30:00,0,0,1
Boon Lay,Shipyard,1.307497297,103.6892828,BUKIT BATOK POLYCLINIC,1.352161,103.748974,52.27,15.82,1084.67,2,28.25,8.28828700142624,Public Holiday,Evening Peak,0,18:30:00,0,0,1
Boon Lay,Shipyard,1.307497297,103.6892828,BUKIT BATOK POLYCLINIC,1.352161,103.748974,53.02,15.82,1084.67,2,28.25,8.28828700142624,Public Holiday,Non-peak Evening,0,21:00:00,0,0,1
Boon Lay,Shipyard,1.307497297,103.6892828,BUKIT BATOK POLYCLINIC,1.352161,103.748974,68.23,19.57,1319.96,2,39.52,8.28828700142624,Public Holiday,Late Night Non-peak,0,23:30:00,0,0,1
Boon Lay,Shipyard,1.307497297,103.6892828,CLEMENTI POLYCLINIC,1.312991,103.765878,47.75,12.83,869.36,1,30.58,8.53665541104843,Weekday,Non-peak Morning,0,06:30:00,1,0,0
Boon Lay,Shipyard,1.307497297,103.6892828,CLEMENTI POLYCLINIC,1.312991,103.765878,45.78,12.83,869.36,1,30.58,8.53665541104843,Weekday,Morning Peak,0,08:30:00,1,0,0
Boon Lay,Shipyard,1.307497297,103.6892828,CLEMENTI POLYCLINIC,1.312991,103.765878,48.1,12.83,869.36,1,30.58,8.53665541104843,Weekday,Non-peak Late Morning,0,10:45:00,1,0,0
Boon Lay,Shipyard,1.307497297,103.6892828,CLEMENTI POLYCLINIC,1.312991,103.765878,45.88,12.83,869.36,1,30.58,8.53665541104843,Weekday,Lunch Peak,0,13:00:00,1,0,0
Boon Lay,Shipyard,1.307497297,103.6892828,CLEMENTI POLYCLINIC,1.312991,103.765878,45.72,12.83,869.36,1,30.58,8.53665541104843,Weekday,Non-peak Afternoon,0,15:30:00,1,0,0
Boon Lay,Shipyard,1.307497297,103.6892828,CLEMENTI POLYCLINIC,1.312991,103.765878,46.6,12.83,869.36,1,30.58,8.53665541104843,Weekday,Evening Peak,0,18:30:00,1,0,0
Boon Lay,Shipyard,1.307497297,103.6892828,CLEMENTI POLYCLINIC,1.312991,103.765878,47.35,12.83,869.36,1,30.58,8.53665541104843,Weekday,Non-peak Evening,0,21:00:00,1,0,0
Boon Lay,Shipyard,1.307497297,103.6892828,CLEMENTI POLYCLINIC,1.312991,103.765878,45.35,12.17,821.55,2,27.03,8.53665541104843,Weekday,Late Night Non-peak,0,23:30:00,1,0,0
Boon Lay,Shipyard,1.307497297,103.6892828,CLEMENTI POLYCLINIC,1.312991,103.765878,47.75,12.83,869.36,1,30.58,8.53665541104843,Weekend,Non-peak Morning,0,06:30:00,0,1,0
Boon Lay,Shipyard,1.307497297,103.6892828,CLEMENTI POLYCLINIC,1.312991,103.765878,45.78,12.83,869.36,1,30.58,8.53665541104843,Weekend,Morning Peak,0,08:30:00,0,1,0
Boon Lay,Shipyard,1.307497297,103.6892828,CLEMENTI POLYCLINIC,1.312991,103.765878,48.1,12.83,869.36,1,30.58,8.53665541104843,Weekend,Non-peak Late Morning,0,10:45:00,0,1,0
Boon Lay,Shipyard,1.307497297,103.6892828,CLEMENTI POLYCLINIC,1.312991,103.765878,45.88,12.83,869.36,1,30.58,8.53665541104843,Weekend,Lunch Peak,0,13:00:00,0,1,0
Boon Lay,Shipyard,1.307497297,103.6892828,CLEMENTI POLYCLINIC,1.312991,103.765878,45.72,12.83,869.36,1,30.58,8.53665541104843,Weekend,Non-peak Afternoon,0,15:30:00,0,1,0
Boon Lay,Shipyard,1.307497297,103.6892828,CLEMENTI POLYCLINIC,1.312991,103.765878,46.6,12.83,869.36,1,30.58,8.53665541104843,Weekend,Evening Peak,0,18:30:00,0,1,0
Boon Lay,Shipyard,1.307497297,103.6892828,CLEMENTI POLYCLINIC,1.312991,103.765878,47.35,12.83,869.36,1,30.58,8.53665541104843,Weekend,Non-peak Evening,0,21:00:00,0,1,0
Boon Lay,Shipyard,1.307497297,103.6892828,CLEMENTI POLYCLINIC,1.312991,103.765878,45.35,12.17,821.55,2,27.03,8.53665541104843,Weekend,Late Night Non-peak,0,23:30:00,0,1,0
Boon Lay,Shipyard,1.307497297,103.6892828,CLEMENTI POLYCLINIC,1.312991,103.765878,47.75,12.83,869.36,1,30.58,8.53665541104843,Public Holiday,Non-peak Morning,0,06:30:00,0,0,1
Boon Lay,Shipyard,1.307497297,103.6892828,CLEMENTI POLYCLINIC,1.312991,103.765878,45.78,12.83,869.36,1,30.58,8.53665541104843,Public Holiday,Morning Peak,0,08:30:00,0,0,1
Boon Lay,Shipyard,1.307497297,103.6892828,CLEMENTI POLYCLINIC,1.312991,103.765878,48.1,12.83,869.36,1,30.58,8.53665541104843,Public Holiday,Non-peak Late Morning,0,10:45:00,0,0,1
Boon Lay,Shipyard,1.307497297,103.6892828,CLEMENTI POLYCLINIC,1.312991,103.765878,45.88,12.83,869.36,1,30.58,8.53665541104843,Public Holiday,Lunch Peak,0,13:00:00,0,0,1
Boon Lay,Shipyard,1.307497297,103.6892828,CLEMENTI POLYCLINIC,1.312991,103.765878,45.72,12.83,869.36,1,30.58,8.53665541104843,Public Holiday,Non-peak Afternoon,0,15:30:00,0,0,1
Boon Lay,Shipyard,1.307497297,103.6892828,CLEMENTI POLYCLINIC,1.312991,103.765878,46.6,12.83,869.36,1,30.58,8.53665541104843,Public Holiday,Evening Peak,0,18:30:00,0,0,1
Boon Lay,Shipyard,1.307497297,103.6892828,CLEMENTI POLYCLINIC,1.312991,103.765878,47.35,12.83,869.36,1,30.58,8.53665541104843,Public Holiday,Non-peak Evening,0,21:00:00,0,0,1
Boon Lay,Shipyard,1.307497297,103.6892828,CLEMENTI POLYCLINIC,1.312991,103.765878,45.35,12.17,821.55,2,27.03,8.53665541104843,Public Holiday,Late Night Non-peak,0,23:30:00,0,0,1
Boon Lay,Tukang,1.32565041,103.7092505,PIONEER POLYCLINIC,1.338732,103.700228,37.22,37.22,2525.7,0,0.0,1.76687829331645,Weekday,Non-peak Morning,0,06:30:00,1,0,0
Boon Lay,Tukang,1.32565041,103.7092505,PIONEER POLYCLINIC,1.338732,103.700228,37.22,37.22,2525.7,0,0.0,1.76687829331645,Weekday,Morning Peak,0,08:30:00,1,0,0
Boon Lay,Tukang,1.32565041,103.7092505,PIONEER POLYCLINIC,1.338732,103.700228,37.22,37.22,2525.7,0,0.0,1.76687829331645,Weekday,Non-peak Late Morning,0,10:45:00,1,0,0
Boon Lay,Tukang,1.32565041,103.7092505,PIONEER POLYCLINIC,1.338732,103.700228,37.22,37.22,2525.7,0,0.0,1.76687829331645,Weekday,Lunch Peak,0,13:00:00,1,0,0
Boon Lay,Tukang,1.32565041,103.7092505,PIONEER POLYCLINIC,1.338732,103.700228,37.22,37.22,2525.7,0,0.0,1.76687829331645,Weekday,Non-peak Afternoon,0,15:30:00,1,0,0
Boon Lay,Tukang,1.32565041,103.7092505,PIONEER POLYCLINIC,1.338732,103.700228,37.22,37.22,2525.7,0,0.0,1.76687829331645,Weekday,Evening Peak,0,18:30:00,1,0,0
Boon Lay,Tukang,1.32565041,103.7092505,PIONEER POLYCLINIC,1.338732,103.700228,37.22,37.22,2525.7,0,0.0,1.76687829331645,Weekday,Non-peak Evening,0,21:00:00,1,0,0
Boon Lay,Tukang,1.32565041,103.7092505,PIONEER POLYCLINIC,1.338732,103.700228,37.22,37.22,2525.7,0,0.0,1.76687829331645,Weekday,Late Night Non-peak,0,23:30:00,1,0,0
Boon Lay,Tukang,1.32565041,103.7092505,PIONEER POLYCLINIC,1.338732,103.700228,37.22,37.22,2525.7,0,0.0,1.76687829331645,Weekend,Non-peak Morning,0,06:30:00,0,1,0
Boon Lay,Tukang,1.32565041,103.7092505,PIONEER POLYCLINIC,1.338732,103.700228,37.22,37.22,2525.7,0,0.0,1.76687829331645,Weekend,Morning Peak,0,08:30:00,0,1,0
Boon Lay,Tukang,1.32565041,103.7092505,PIONEER POLYCLINIC,1.338732,103.700228,37.22,37.22,2525.7,0,0.0,1.76687829331645,Weekend,Non-peak Late Morning,0,10:45:00,0,1,0
Boon Lay,Tukang,1.32565041,103.7092505,PIONEER POLYCLINIC,1.338732,103.700228,37.22,37.22,2525.7,0,0.0,1.76687829331645,Weekend,Lunch Peak,0,13:00:00,0,1,0
Boon Lay,Tukang,1.32565041,103.7092505,PIONEER POLYCLINIC,1.338732,103.700228,37.22,37.22,2525.7,0,0.0,1.76687829331645,Weekend,Non-peak Afternoon,0,15:30:00,0,1,0
Boon Lay,Tukang,1.32565041,103.7092505,PIONEER POLYCLINIC,1.338732,103.700228,37.22,37.22,2525.7,0,0.0,1.76687829331645,Weekend,Evening Peak,0,18:30:00,0,1,0
Boon Lay,Tukang,1.32565041,103.7092505,PIONEER POLYCLINIC,1.338732,103.700228,37.22,37.22,2525.7,0,0.0,1.76687829331645,Weekend,Non-peak Evening,0,21:00:00,0,1,0
Boon Lay,Tukang,1.32565041,103.7092505,PIONEER POLYCLINIC,1.338732,103.700228,37.22,37.22,2525.7,0,0.0,1.76687829331645,Weekend,Late Night Non-peak,0,23:30:00,0,1,0
Boon Lay,Tukang,1.32565041,103.7092505,PIONEER POLYCLINIC,1.338732,103.700228,37.22,37.22,2525.7,0,0.0,1.76687829331645,Public Holiday,Non-peak Morning,0,06:30:00,0,0,1
Boon Lay,Tukang,1.32565041,103.7092505,PIONEER POLYCLINIC,1.338732,103.700228,37.22,37.22,2525.7,0,0.0,1.76687829331645,Public Holiday,Morning Peak,0,08:30:00,0,0,1
Boon Lay,Tukang,1.32565041,103.7092505,PIONEER POLYCLINIC,1.338732,103.700228,37.22,37.22,2525.7,0,0.0,1.76687829331645,Public Holiday,Non-peak Late Morning,0,10:45:00,0,0,1
Boon Lay,Tukang,1.32565041,103.7092505,PIONEER POLYCLINIC,1.338732,103.700228,37.22,37.22,2525.7,0,0.0,1.76687829331645,Public Holiday,Lunch Peak,0,13:00:00,0,0,1
Boon Lay,Tukang,1.32565041,103.7092505,PIONEER POLYCLINIC,1.338732,103.700228,37.22,37.22,2525.7,0,0.0,1.76687829331645,Public Holiday,Non-peak Afternoon,0,15:30:00,0,0,1
Boon Lay,Tukang,1.32565041,103.7092505,PIONEER POLYCLINIC,1.338732,103.700228,37.22,37.22,2525.7,0,0.0,1.76687829331645,Public Holiday,Evening Peak,0,18:30:00,0,0,1
Boon Lay,Tukang,1.32565041,103.7092505,PIONEER POLYCLINIC,1.338732,103.700228,37.22,37.22,2525.7,0,0.0,1.76687829331645,Public Holiday,Non-peak Evening,0,21:00:00,0,0,1
Boon Lay,Tukang,1.32565041,103.7092505,PIONEER POLYCLINIC,1.338732,103.700228,37.22,37.22,2525.7,0,0.0,1.76687829331645,Public Holiday,Late Night Non-peak,0,23:30:00,0,0,1
Boon Lay,Tukang,1.32565041,103.7092505,JURONG POLYCLINIC,1.350189,103.730642,34.72,7.93,510.22,1,22.65,3.61937213541029,Weekday,Non-peak Morning,0,06:30:00,1,0,0
Boon Lay,Tukang,1.32565041,103.7092505,JURONG POLYCLINIC,1.350189,103.730642,33.12,4.43,272.15,1,21.12,3.61937213541029,Weekday,Morning Peak,0,08:30:00,1,0,0
Boon Lay,Tukang,1.32565041,103.7092505,JURONG POLYCLINIC,1.350189,103.730642,29.32,4.43,272.15,1,22.32,3.61937213541029,Weekday,Non-peak Late Morning,0,10:45:00,1,0,0
Boon Lay,Tukang,1.32565041,103.7092505,JURONG POLYCLINIC,1.350189,103.730642,29.32,4.43,272.15,1,22.32,3.61937213541029,Weekday,Lunch Peak,0,13:00:00,1,0,0
Boon Lay,Tukang,1.32565041,103.7092505,JURONG POLYCLINIC,1.350189,103.730642,28.12,4.43,272.15,1,21.12,3.61937213541029,Weekday,Non-peak Afternoon,0,15:30:00,1,0,0
Boon Lay,Tukang,1.32565041,103.7092505,JURONG POLYCLINIC,1.350189,103.730642,29.12,4.43,272.15,1,21.12,3.61937213541029,Weekday,Evening Peak,0,18:30:00,1,0,0
Boon Lay,Tukang,1.32565041,103.7092505,JURONG POLYCLINIC,1.350189,103.730642,31.85,5.95,394.1,1,23.12,3.61937213541029,Weekday,Non-peak Evening,0,21:00:00,1,0,0
Boon Lay,Tukang,1.32565041,103.7092505,JURONG POLYCLINIC,1.350189,103.730642,32.27,6.02,400.38,1,23.32,3.61937213541029,Weekday,Late Night Non-peak,0,23:30:00,1,0,0
Boon Lay,Tukang,1.32565041,103.7092505,JURONG POLYCLINIC,1.350189,103.730642,34.72,7.93,510.22,1,22.65,3.61937213541029,Weekend,Non-peak Morning,0,06:30:00,0,1,0
Boon Lay,Tukang,1.32565041,103.7092505,JURONG POLYCLINIC,1.350189,103.730642,33.12,4.43,272.15,1,21.12,3.61937213541029,Weekend,Morning Peak,0,08:30:00,0,1,0
Boon Lay,Tukang,1.32565041,103.7092505,JURONG POLYCLINIC,1.350189,103.730642,29.32,4.43,272.15,1,22.32,3.61937213541029,Weekend,Non-peak Late Morning,0,10:45:00,0,1,0
Boon Lay,Tukang,1.32565041,103.7092505,JURONG POLYCLINIC,1.350189,103.730642,29.32,4.43,272.15,1,22.32,3.61937213541029,Weekend,Lunch Peak,0,13:00:00,0,1,0
Boon Lay,Tukang,1.32565041,103.7092505,JURONG POLYCLINIC,1.350189,103.730642,28.12,4.43,272.15,1,21.12,3.61937213541029,Weekend,Non-peak Afternoon,0,15:30:00,0,1,0
Boon Lay,Tukang,1.32565041,103.7092505,JURONG POLYCLINIC,1.350189,103.730642,29.12,4.43,272.15,1,21.12,3.61937213541029,Weekend,Evening Peak,0,18:30:00,0,1,0
Boon Lay,Tukang,1.32565041,103.7092505,JURONG POLYCLINIC,1.350189,103.730642,31.85,5.95,394.1,1,23.12,3.61937213541029,Weekend,Non-peak Evening,0,21:00:00,0,1,0
Boon Lay,Tukang,1.32565041,103.7092505,JURONG POLYCLINIC,1.350189,103.730642,32.27,6.02,400.38,1,23.32,3.61937213541029,Weekend,Late Night Non-peak,0,23:30:00,0,1,0
Boon Lay,Tukang,1.32565041,103.7092505,JURONG POLYCLINIC,1.350189,103.730642,34.72,7.93,510.22,1,22.65,3.61937213541029,Public Holiday,Non-peak Morning,0,06:30:00,0,0,1
Boon Lay,Tukang,1.32565041,103.7092505,JURONG POLYCLINIC,1.350189,103.730642,33.12,4.43,272.15,1,21.12,3.61937213541029,Public Holiday,Morning Peak,0,08:30:00,0,0,1
Boon Lay,Tukang,1.32565041,103.7092505,JURONG POLYCLINIC,1.350189,103.730642,29.32,4.43,272.15,1,22.32,3.61937213541029,Public Holiday,Non-peak Late Morning,0,10:45:00,0,0,1
Boon Lay,Tukang,1.32565041,103.7092505,JURONG POLYCLINIC,1.350189,103.730642,29.32,4.43,272.15,1,22.32,3.61937213541029,Public Holiday,Lunch Peak,0,13:00:00,0,0,1
Boon Lay,Tukang,1.32565041,103.7092505,JURONG POLYCLINIC,1.350189,103.730642,28.12,4.43,272.15,1,21.12,3.61937213541029,Public Holiday,Non-peak Afternoon,0,15:30:00,0,0,1
Boon Lay,Tukang,1.32565041,103.7092505,JURONG POLYCLINIC,1.350189,103.730642,29.12,4.43,272.15,1,21.12,3.61937213541029,Public Holiday,Evening Peak,0,18:30:00,0,0,1
Boon Lay,Tukang,1.32565041,103.7092505,JURONG POLYCLINIC,1.350189,103.730642,31.85,5.95,394.1,1,23.12,3.61937213541029,Public Holiday,Non-peak Evening,0,21:00:00,0,0,1
Boon Lay,Tukang,1.32565041,103.7092505,JURONG POLYCLINIC,1.350189,103.730642,32.27,6.02,400.38,1,23.32,3.61937213541029,Public Holiday,Late Night Non-peak,0,23:30:00,0,0,1
Boon Lay,Tukang,1.32565041,103.7092505,NG TENG FONG GENERAL HOSPITAL & JURONG COMMUNITY HOSPITAL,1.334271,103.744626,37.43,13.58,896.03,1,18.95,4.04765786543926,Weekday,Non-peak Morning,0,06:30:00,1,0,0
Boon Lay,Tukang,1.32565041,103.7092505,NG TENG FONG GENERAL HOSPITAL & JURONG COMMUNITY HOSPITAL,1.334271,103.744626,29.23,11.63,752.38,1,14.43,4.04765786543926,Weekday,Morning Peak,0,08:30:00,1,0,0
Boon Lay,Tukang,1.32565041,103.7092505,NG TENG FONG GENERAL HOSPITAL & JURONG COMMUNITY HOSPITAL,1.334271,103.744626,30.05,11.63,752.38,1,14.43,4.04765786543926,Weekday,Non-peak Late Morning,0,10:45:00,1,0,0
Boon Lay,Tukang,1.32565041,103.7092505,NG TENG FONG GENERAL HOSPITAL & JURONG COMMUNITY HOSPITAL,1.334271,103.744626,28.95,11.63,752.38,1,14.43,4.04765786543926,Weekday,Lunch Peak,0,13:00:00,1,0,0
Boon Lay,Tukang,1.32565041,103.7092505,NG TENG FONG GENERAL HOSPITAL & JURONG COMMUNITY HOSPITAL,1.334271,103.744626,28.78,11.63,752.38,1,14.43,4.04765786543926,Weekday,Non-peak Afternoon,0,15:30:00,1,0,0
Boon Lay,Tukang,1.32565041,103.7092505,NG TENG FONG GENERAL HOSPITAL & JURONG COMMUNITY HOSPITAL,1.334271,103.744626,28.52,11.63,752.38,1,14.43,4.04765786543926,Weekday,Evening Peak,0,18:30:00,1,0,0
Boon Lay,Tukang,1.32565041,103.7092505,NG TENG FONG GENERAL HOSPITAL & JURONG COMMUNITY HOSPITAL,1.334271,103.744626,31.27,11.63,752.38,1,14.43,4.04765786543926,Weekday,Non-peak Evening,0,21:00:00,1,0,0
Boon Lay,Tukang,1.32565041,103.7092505,NG TENG FONG GENERAL HOSPITAL & JURONG COMMUNITY HOSPITAL,1.334271,103.744626,33.72,13.22,880.61,1,15.43,4.04765786543926,Weekday,Late Night Non-peak,0,23:30:00,1,0,0
Boon Lay,Tukang,1.32565041,103.7092505,NG TENG FONG GENERAL HOSPITAL & JURONG COMMUNITY HOSPITAL,1.334271,103.744626,37.43,13.58,896.03,1,18.95,4.04765786543926,Weekend,Non-peak Morning,0,06:30:00,0,1,0
Boon Lay,Tukang,1.32565041,103.7092505,NG TENG FONG GENERAL HOSPITAL & JURONG COMMUNITY HOSPITAL,1.334271,103.744626,29.23,11.63,752.38,1,14.43,4.04765786543926,Weekend,Morning Peak,0,08:30:00,0,1,0
Boon Lay,Tukang,1.32565041,103.7092505,NG TENG FONG GENERAL HOSPITAL & JURONG COMMUNITY HOSPITAL,1.334271,103.744626,30.05,11.63,752.38,1,14.43,4.04765786543926,Weekend,Non-peak Late Morning,0,10:45:00,0,1,0
Boon Lay,Tukang,1.32565041,103.7092505,NG TENG FONG GENERAL HOSPITAL & JURONG COMMUNITY HOSPITAL,1.334271,103.744626,28.95,11.63,752.38,1,14.43,4.04765786543926,Weekend,Lunch Peak,0,13:00:00,0,1,0
Boon Lay,Tukang,1.32565041,103.7092505,NG TENG FONG GENERAL HOSPITAL & JURONG COMMUNITY HOSPITAL,1.334271,103.744626,28.78,11.63,752.38,1,14.43,4.04765786543926,Weekend,Non-peak Afternoon,0,15:30:00,0,1,0
Boon Lay,Tukang,1.32565041,103.7092505,NG TENG FONG GENERAL HOSPITAL & JURONG COMMUNITY HOSPITAL,1.334271,103.744626,28.52,11.63,752.38,1,14.43,4.04765786543926,Weekend,Evening Peak,0,18:30:00,0,1,0
Boon Lay,Tukang,1.32565041,103.7092505,NG TENG FONG GENERAL HOSPITAL & JURONG COMMUNITY HOSPITAL,1.334271,103.744626,31.27,11.63,752.38,1,14.43,4.04765786543926,Weekend,Non-peak Evening,0,21:00:00,0,1,0
Boon Lay,Tukang,1.32565041,103.7092505,NG TENG FONG GENERAL HOSPITAL & JURONG COMMUNITY HOSPITAL,1.334271,103.744626,33.72,13.22,880.61,1,15.43,4.04765786543926,Weekend,Late Night Non-peak,0,23:30:00,0,1,0
Boon Lay,Tukang,1.32565041,103.7092505,NG TENG FONG GENERAL HOSPITAL & JURONG COMMUNITY HOSPITAL,1.334271,103.744626,37.43,13.58,896.03,1,18.95,4.04765786543926,Public Holiday,Non-peak Morning,0,06:30:00,0,0,1
Boon Lay,Tukang,1.32565041,103.7092505,NG TENG FONG GENERAL HOSPITAL & JURONG COMMUNITY HOSPITAL,1.334271,103.744626,29.23,11.63,752.38,1,14.43,4.04765786543926,Public Holiday,Morning Peak,0,08:30:00,0,0,1
Boon Lay,Tukang,1.32565041,103.7092505,NG TENG FONG GENERAL HOSPITAL & JURONG COMMUNITY HOSPITAL,1.334271,103.744626,30.05,11.63,752.38,1,14.43,4.04765786543926,Public Holiday,Non-peak Late Morning,0,10:45:00,0,0,1
Boon Lay,Tukang,1.32565041,103.7092505,NG TENG FONG GENERAL HOSPITAL & JURONG COMMUNITY HOSPITAL,1.334271,103.744626,28.95,11.63,752.38,1,14.43,4.04765786543926,Public Holiday,Lunch Peak,0,13:00:00,0,0,1
Boon Lay,Tukang,1.32565041,103.7092505,NG TENG FONG GENERAL HOSPITAL & JURONG COMMUNITY HOSPITAL,1.334271,103.744626,28.78,11.63,752.38,1,14.43,4.04765786543926,Public Holiday,Non-peak Afternoon,0,15:30:00,0,0,1
Boon Lay,Tukang,1.32565041,103.7092505,NG TENG FONG GENERAL HOSPITAL & JURONG COMMUNITY HOSPITAL,1.334271,103.744626,28.52,11.63,752.38,1,14.43,4.04765786543926,Public Holiday,Evening Peak,0,18:30:00,0,0,1
Boon Lay,Tukang,1.32565041,103.7092505,NG TENG FONG GENERAL HOSPITAL & JURONG COMMUNITY HOSPITAL,1.334271,103.744626,31.27,11.63,752.38,1,14.43,4.04765786543926,Public Holiday,Non-peak Evening,0,21:00:00,0,0,1
Boon Lay,Tukang,1.32565041,103.7092505,NG TENG FONG GENERAL HOSPITAL & JURONG COMMUNITY HOSPITAL,1.334271,103.744626,33.72,13.22,880.61,1,15.43,4.04765786543926,Public Holiday,Late Night Non-peak,0,23:30:00,0,0,1
Boon Lay,Tukang,1.32565041,103.7092505,BUKIT BATOK POLYCLINIC,1.352161,103.748974,48.38,9.88,644.53,2,29.68,5.30937584514122,Weekday,Non-peak Morning,0,06:30:00,1,0,0
Boon Lay,Tukang,1.32565041,103.7092505,BUKIT BATOK POLYCLINIC,1.352161,103.748974,38.05,13.8,910.76,2,17.27,5.30937584514122,Weekday,Morning Peak,0,08:30:00,1,0,0
Boon Lay,Tukang,1.32565041,103.7092505,BUKIT BATOK POLYCLINIC,1.352161,103.748974,38.87,13.8,910.76,2,17.27,5.30937584514122,Weekday,Non-peak Late Morning,0,10:45:00,1,0,0
Boon Lay,Tukang,1.32565041,103.7092505,BUKIT BATOK POLYCLINIC,1.352161,103.748974,43.18,6.38,406.46,1,34.23,5.30937584514122,Weekday,Lunch Peak,0,13:00:00,1,0,0
Boon Lay,Tukang,1.32565041,103.7092505,BUKIT BATOK POLYCLINIC,1.352161,103.748974,37.6,13.8,910.76,2,17.27,5.30937584514122,Weekday,Non-peak Afternoon,0,15:30:00,1,0,0
Boon Lay,Tukang,1.32565041,103.7092505,BUKIT BATOK POLYCLINIC,1.352161,103.748974,43.93,6.38,406.46,2,30.53,5.30937584514122,Weekday,Evening Peak,0,18:30:00,1,0,0
Boon Lay,Tukang,1.32565041,103.7092505,BUKIT BATOK POLYCLINIC,1.352161,103.748974,41.48,6.38,406.46,1,29.03,5.30937584514122,Weekday,Non-peak Evening,0,21:00:00,1,0,0
Boon Lay,Tukang,1.32565041,103.7092505,BUKIT BATOK POLYCLINIC,1.352161,103.748974,46.13,7.97,534.69,1,35.23,5.30937584514122,Weekday,Late Night Non-peak,0,23:30:00,1,0,0
Boon Lay,Tukang,1.32565041,103.7092505,BUKIT BATOK POLYCLINIC,1.352161,103.748974,48.38,9.88,644.53,2,29.68,5.30937584514122,Weekend,Non-peak Morning,0,06:30:00,0,1,0
Boon Lay,Tukang,1.32565041,103.7092505,BUKIT BATOK POLYCLINIC,1.352161,103.748974,38.05,13.8,910.76,2,17.27,5.30937584514122,Weekend,Morning Peak,0,08:30:00,0,1,0
Boon Lay,Tukang,1.32565041,103.7092505,BUKIT BATOK POLYCLINIC,1.352161,103.748974,38.87,13.8,910.76,2,17.27,5.30937584514122,Weekend,Non-peak Late Morning,0,10:45:00,0,1,0
Boon Lay,Tukang,1.32565041,103.7092505,BUKIT BATOK POLYCLINIC,1.352161,103.748974,43.18,6.38,406.46,1,34.23,5.30937584514122,Weekend,Lunch Peak,0,13:00:00,0,1,0
Boon Lay,Tukang,1.32565041,103.7092505,BUKIT BATOK POLYCLINIC,1.352161,103.748974,37.6,13.8,910.76,2,17.27,5.30937584514122,Weekend,Non-peak Afternoon,0,15:30:00,0,1,0
Boon Lay,Tukang,1.32565041,103.7092505,BUKIT BATOK POLYCLINIC,1.352161,103.748974,43.93,6.38,406.46,2,30.53,5.30937584514122,Weekend,Evening Peak,0,18:30:00,0,1,0
Boon Lay,Tukang,1.32565041,103.7092505,BUKIT BATOK POLYCLINIC,1.352161,103.748974,41.48,6.38,406.46,1,29.03,5.30937584514122,Weekend,Non-peak Evening,0,21:00:00,0,1,0
Boon Lay,Tukang,1.32565041,103.7092505,BUKIT BATOK POLYCLINIC,1.352161,103.748974,46.13,7.97,534.69,1,35.23,5.30937584514122,Weekend,Late Night Non-peak,0,23:30:00,0,1,0
Boon Lay,Tukang,1.32565041,103.7092505,BUKIT BATOK POLYCLINIC,1.352161,103.748974,48.38,9.88,644.53,2,29.68,5.30937584514122,Public Holiday,Non-peak Morning,0,06:30:00,0,0,1
Boon Lay,Tukang,1.32565041,103.7092505,BUKIT BATOK POLYCLINIC,1.352161,103.748974,38.05,13.8,910.76,2,17.27,5.30937584514122,Public Holiday,Morning Peak,0,08:30:00,0,0,1
Boon Lay,Tukang,1.32565041,103.7092505,BUKIT BATOK POLYCLINIC,1.352161,103.748974,38.87,13.8,910.76,2,17.27,5.30937584514122,Public Holiday,Non-peak Late Morning,0,10:45:00,0,0,1
Boon Lay,Tukang,1.32565041,103.7092505,BUKIT BATOK POLYCLINIC,1.352161,103.748974,43.18,6.38,406.46,1,34.23,5.30937584514122,Public Holiday,Lunch Peak,0,13:00:00,0,0,1
Boon Lay,Tukang,1.32565041,103.7092505,BUKIT BATOK POLYCLINIC,1.352161,103.748974,37.6,13.8,910.76,2,17.27,5.30937584514122,Public Holiday,Non-peak Afternoon,0,15:30:00,0,0,1
Boon Lay,Tukang,1.32565041,103.7092505,BUKIT BATOK POLYCLINIC,1.352161,103.748974,43.93,6.38,406.46,2,30.53,5.30937584514122,Public Holiday,Evening Peak,0,18:30:00,0,0,1
Boon Lay,Tukang,1.32565041,103.7092505,BUKIT BATOK POLYCLINIC,1.352161,103.748974,41.48,6.38,406.46,1,29.03,5.30937584514122,Public Holiday,Non-peak Evening,0,21:00:00,0,0,1
Boon Lay,Tukang,1.32565041,103.7092505,BUKIT BATOK POLYCLINIC,1.352161,103.748974,46.13,7.97,534.69,1,35.23,5.30937584514122,Public Holiday,Late Night Non-peak,0,23:30:00,0,0,1
Boon Lay,Tukang,1.32565041,103.7092505,CLEMENTI POLYCLINIC,1.312991,103.765878,41.78,12.77,839.1,1,24.12,6.45048896647008,Weekday,Non-peak Morning,0,06:30:00,1,0,0
Boon Lay,Tukang,1.32565041,103.7092505,CLEMENTI POLYCLINIC,1.312991,103.765878,33.58,10.82,695.45,1,19.6,6.45048896647008,Weekday,Morning Peak,0,08:30:00,1,0,0
Boon Lay,Tukang,1.32565041,103.7092505,CLEMENTI POLYCLINIC,1.312991,103.765878,34.4,10.82,695.45,1,19.6,6.45048896647008,Weekday,Non-peak Late Morning,0,10:45:00,1,0,0
Boon Lay,Tukang,1.32565041,103.7092505,CLEMENTI POLYCLINIC,1.312991,103.765878,33.3,10.82,695.45,1,19.6,6.45048896647008,Weekday,Lunch Peak,0,13:00:00,1,0,0
Boon Lay,Tukang,1.32565041,103.7092505,CLEMENTI POLYCLINIC,1.312991,103.765878,33.13,10.82,695.45,1,19.6,6.45048896647008,Weekday,Non-peak Afternoon,0,15:30:00,1,0,0
Boon Lay,Tukang,1.32565041,103.7092505,CLEMENTI POLYCLINIC,1.312991,103.765878,32.87,10.82,695.45,1,19.6,6.45048896647008,Weekday,Evening Peak,0,18:30:00,1,0,0
Boon Lay,Tukang,1.32565041,103.7092505,CLEMENTI POLYCLINIC,1.312991,103.765878,35.62,10.82,695.45,1,19.6,6.45048896647008,Weekday,Non-peak Evening,0,21:00:00,1,0,0
Boon Lay,Tukang,1.32565041,103.7092505,CLEMENTI POLYCLINIC,1.312991,103.765878,38.07,12.4,823.68,1,20.6,6.45048896647008,Weekday,Late Night Non-peak,0,23:30:00,1,0,0
Boon Lay,Tukang,1.32565041,103.7092505,CLEMENTI POLYCLINIC,1.312991,103.765878,41.78,12.77,839.1,1,24.12,6.45048896647008,Weekend,Non-peak Morning,0,06:30:00,0,1,0
Boon Lay,Tukang,1.32565041,103.7092505,CLEMENTI POLYCLINIC,1.312991,103.765878,33.58,10.82,695.45,1,19.6,6.45048896647008,Weekend,Morning Peak,0,08:30:00,0,1,0
Boon Lay,Tukang,1.32565041,103.7092505,CLEMENTI POLYCLINIC,1.312991,103.765878,34.4,10.82,695.45,1,19.6,6.45048896647008,Weekend,Non-peak Late Morning,0,10:45:00,0,1,0
Boon Lay,Tukang,1.32565041,103.7092505,CLEMENTI POLYCLINIC,1.312991,103.765878,33.3,10.82,695.45,1,19.6,6.45048896647008,Weekend,Lunch Peak,0,13:00:00,0,1,0
Boon Lay,Tukang,1.32565041,103.7092505,CLEMENTI POLYCLINIC,1.312991,103.765878,33.13,10.82,695.45,1,19.6,6.45048896647008,Weekend,Non-peak Afternoon,0,15:30:00,0,1,0
Boon Lay,Tukang,1.32565041,103.7092505,CLEMENTI POLYCLINIC,1.312991,103.765878,32.87,10.82,695.45,1,19.6,6.45048896647008,Weekend,Evening Peak,0,18:30:00,0,1,0
Boon Lay,Tukang,1.32565041,103.7092505,CLEMENTI POLYCLINIC,1.312991,103.765878,35.62,10.82,695.45,1,19.6,6.45048896647008,Weekend,Non-peak Evening,0,21:00:00,0,1,0
Boon Lay,Tukang,1.32565041,103.7092505,CLEMENTI POLYCLINIC,1.312991,103.765878,38.07,12.4,823.68,1,20.6,6.45048896647008,Weekend,Late Night Non-peak,0,23:30:00,0,1,0
Boon Lay,Tukang,1.32565041,103.7092505,CLEMENTI POLYCLINIC,1.312991,103.765878,41.78,12.77,839.1,1,24.12,6.45048896647008,Public Holiday,Non-peak Morning,0,06:30:00,0,0,1
Boon Lay,Tukang,1.32565041,103.7092505,CLEMENTI POLYCLINIC,1.312991,103.765878,33.58,10.82,695.45,1,19.6,6.45048896647008,Public Holiday,Morning Peak,0,08:30:00,0,0,1
Boon Lay,Tukang,1.32565041,103.7092505,CLEMENTI POLYCLINIC,1.312991,103.765878,34.4,10.82,695.45,1,19.6,6.45048896647008,Public Holiday,Non-peak Late Morning,0,10:45:00,0,0,1
Boon Lay,Tukang,1.32565041,103.7092505,CLEMENTI POLYCLINIC,1.312991,103.765878,33.3,10.82,695.45,1,19.6,6.45048896647008,Public Holiday,Lunch Peak,0,13:00:00,0,0,1
Boon Lay,Tukang,1.32565041,103.7092505,CLEMENTI POLYCLINIC,1.312991,103.765878,33.13,10.82,695.45,1,19.6,6.45048896647008,Public Holiday,Non-peak Afternoon,0,15:30:00,0,0,1
Boon Lay,Tukang,1.32565041,103.7092505,CLEMENTI POLYCLINIC,1.312991,103.765878,32.87,10.82,695.45,1,19.6,6.45048896647008,Public Holiday,Evening Peak,0,18:30:00,0,0,1
Boon Lay,Tukang,1.32565041,103.7092505,CLEMENTI POLYCLINIC,1.312991,103.765878,35.62,10.82,695.45,1,19.6,6.45048896647008,Public Holiday,Non-peak Evening,0,21:00:00,0,0,1
Boon Lay,Tukang,1.32565041,103.7092505,CLEMENTI POLYCLINIC,1.312991,103.765878,38.07,12.4,823.68,1,20.6,6.45048896647008,Public Holiday,Late Night Non-peak,0,23:30:00,0,0,1
